90Y_64.10H,electrons per decay = 1.0
Outer Radius of Bin (cm),Energy deposited per emission (MeV),Uncertainty,Bin Mass (g),Dose per decay (MeV/g)
0.01,0.019807731570955587,0.0015,4.1887891574691165e-06,4728.748768754811
0.02,0.020750611936722365,0.0015,2.9321524102283815e-05,707.6921330670573
0.03,0.020784090454692906,0.0015,7.958699399191317e-05,261.14933373164934
0.04,0.020834797683665827,0.0015,0.00015498519882635735,134.43088657136067
0.05,0.020885309131831904,0.0015,0.00025551613860561615,81.73772993676907
0.06,0.020862892229448125,0.0015,0.0003811798133296893,54.73241630296784
0.07,0.02080024237125764,0.0016,0.0005319762229985782,39.09994746384225
0.08,0.020720755363678463,0.0016,0.0007079053676122806,29.270515963974454
0.09,0.020591344250353746,0.0016,0.0009089672471707975,22.653560196415498
0.1,0.020530162748214602,0.0016,0.0011351618616741316,18.085669930750502
0.11,0.020327138051516067,0.0016,0.001386489211122276,14.66086997897555
0.12,0.020207222307323344,0.0016,0.001662949295515238,12.151436223473345
0.13,0.020041102292715142,0.0017,0.0019645421148530174,10.201411382934172
0.14,0.019834847212703656,0.0017,0.002291267669135609,8.656713259602029
0.15,0.019589533861726544,0.0017,0.0026431259583630067,7.41150220243727
0.16,0.01935156229100613,0.0017,0.0030201169825352374,6.40755388049951
0.17,0.019183582358732895,0.0018,0.0034222407416522713,5.605561913061378
0.18,0.018898525503966198,0.0018,0.0038494972357141087,4.909349025798271
0.19,0.018708911792536562,0.0018,0.004301886464720787,4.3490017567794785
0.2,0.01844676129217076,0.0018,0.004779408428672267,3.8596327490043203
0.21,0.018189211640765816,0.0018,0.005282063127568541,3.4435808890339294
0.22,0.01782799605213631,0.0019,0.005809850561409668,3.068580829006836
0.23,0.01755899322353092,0.0019,0.0063627707301955995,2.75964575309963
0.24,0.017290871408556334,0.0019,0.006940823633926305,2.4911843781823895
0.25,0.01698819428117356,0.0020,0.007544009272601887,2.2518787646339185
0.26,0.016747775450367583,0.0020,0.008172327646222251,2.049327459124749
0.27,0.016383916820845664,0.0020,0.008825778754787432,1.8563706700622213
0.28,0.016095923253976286,0.0020,0.00950436259829744,1.6935300066160799
0.29,0.015762116978305114,0.0021,0.010208079176752184,1.5440825551394293
0.3,0.015429191716264749,0.0021,0.01093692849015187,1.4107426715058005
0.31,0.015109383768283016,0.0022,0.01169091053849631,1.2924043613652003
0.32,0.014777339519873452,0.0022,0.012470025321785589,1.1850288302187248
0.33,0.014450679243652136,0.0022,0.01327427284001962,1.0886230393039575
0.34,0.014069298231917566,0.0023,0.01410365309319855,0.9975641161155935
0.35,0.01374792403748107,0.0023,0.014958166081322116,0.9190915492406356
0.36,0.013447889950990709,0.0024,0.015837811804390756,0.8491002492694424
0.37,0.013112027976847662,0.0024,0.01674259026240406,0.7831540861566132
0.38,0.012744155840785419,0.0025,0.01767250145536223,0.7211291436571678
0.39,0.012393414525322133,0.0025,0.018627545383265158,0.6653273026759757
0.4,0.012022116225140095,0.0026,0.01960772204611298,0.613131713967934
0.41,0.011661879540544816,0.0026,0.02061303144390538,0.5657527652970646
0.42,0.011315445402832126,0.0026,0.02164347357664294,0.5228109694482429
0.43,0.010927212062857973,0.0027,0.02269904844432517,0.48139516022707146
0.44,0.010559731488409418,0.0028,0.023779756046952177,0.4440639116549241
0.45,0.010164450039388836,0.0028,0.024885596384524082,0.40844711464138067
0.46,0.00979060658871781,0.0029,0.026016569457040714,0.3763219668482554
0.47,0.009456956937692116,0.0030,0.027172675264502007,0.34803186825135873
0.48,0.009094566664221539,0.0030,0.028353913806908434,0.32075172147859343
0.49,0.008732626686606704,0.0031,0.029560285084259584,0.29541753950325395
0.5,0.008373339538924624,0.0032,0.030791789096555514,0.27193416766618794
0.51,0.00802316598780119,0.0033,0.03204842584379628,0.2503450879898446
0.52,0.007684181309788964,0.0034,0.03333019532598172,0.2305471430525627
0.53,0.007415638566079661,0.0035,0.03463709754311223,0.21409526467538273
0.54,0.006975239430121589,0.0035,0.035969132495187225,0.19392292630507274
0.55,0.0066722588424882046,0.0036,0.037326300182207416,0.178754894268056
0.56,0.00636325799504433,0.0037,0.0387086006041721,0.1643887377927706
0.57,0.006027621168829157,0.0039,0.04011603376108127,0.15025466387648911
0.58,0.005718943359716576,0.0040,0.041548599652936204,0.13764467172150344
0.59,0.005418233829442598,0.0041,0.043006298279735525,0.12598698437609215
0.6,0.00509343347088631,0.0042,0.04448912964147944,0.11448714577993108
0.61,0.004772813032556168,0.0044,0.04599709373816844,0.10376336078372018
0.62,0.00449953239332121,0.0045,0.04753019056980204,0.0946668283753938
0.63,0.004232692942631462,0.0047,0.04908842013638071,0.08622589463812265
0.64,0.003957943947345165,0.0048,0.050671782437903996,0.07810942810617424
0.65,0.003691858252761771,0.0050,0.05228027747437188,0.0706166537576535
0.66,0.003441650381613527,0.0052,0.05391390524578508,0.06383604314923173
0.67,0.0032293456746705263,0.0054,0.05557266575214288,0.05811032512051129
0.68,0.0029835918168780126,0.0056,0.05725655899344552,0.052109170885025785
0.69,0.002759814354653879,0.0058,0.05896558496969207,0.04680381541321783
0.7,0.002547617327154643,0.0061,0.060699743680884856,0.04197080865033242
0.71,0.002369858143579488,0.0063,0.06245903512702202,0.037942599317455715
0.72,0.0021740088134518313,0.0066,0.06424345930810402,0.03384015799998476
0.73,0.0019794320585686687,0.0069,0.06605301622413062,0.029967322791923292
0.74,0.0018138504411792894,0.0072,0.06788770587510184,0.02671839352645628
0.75,0.0016535744836554164,0.0076,0.06974752826101836,0.02370800119922806
0.76,0.0015117215000556826,0.0081,0.07163248338187948,0.021103854406339002
0.77,0.0013807539293165453,0.0084,0.07354257123768522,0.018774893317967233
0.78,0.0012439031453317078,0.0088,0.07547779182843603,0.01648038602081985
0.79,0.001119758535711128,0.0094,0.07743814515413168,0.014460038182505248
0.8,0.001002387942007394,0.0098,0.07942363121477217,0.012620777049299122
0.81,0.0008924384197871295,0.0105,0.08143425001035678,0.010959005819708899
0.82,0.0007915868316609645,0.0111,0.08347000154088625,0.009483488882808037
0.83,0.0007049704660005184,0.0118,0.0855308858063622,0.008242291183520975
0.84,0.0006189385060485054,0.0125,0.08761690280678135,0.007064145001945914
0.85,0.0005449754539344684,0.0134,0.08972805254214603,0.006073635150818512
0.86,0.0004794094406260248,0.0144,0.09186433501245532,0.0052186677295494996
0.87,0.0004119130285620868,0.0153,0.09402575021770922,0.00438085341098938
0.88,0.0003630353712291332,0.0165,0.09621229815790819,0.0037732740842891244
0.89,0.00031252490196709005,0.0175,0.09842397883305223,0.003175292298406245
0.9,0.0002686602121934093,0.0190,0.10066079224314042,0.0026689658029362203
0.91,0.00023885160544718416,0.0206,0.10292273838817369,0.0023206884036290794
0.92,0.00019813702885564368,0.0223,0.10520981726815201,0.0018832560876961201
0.93,0.00016300905758743274,0.0241,0.1075220288830745,0.0015160526571229226
0.94,0.0001407693368338453,0.0264,0.10985937323294158,0.001281359365990223
0.95,0.00011561639767440042,0.0290,0.11222185031775513,0.001030248542035563
0.96,9.447158108309512e-05,0.0325,0.11460946013751235,0.000824291301693114
0.97,7.937276947838175e-05,0.0357,0.11702220269221511,0.0006782710259449083
0.98,6.469880222452259e-05,0.0381,0.11946007798186155,0.0005415935040185246
0.99,5.235061306558171e-05,0.0437,0.12192308600645399,0.00042937408148289926
1.0,4.2817066676251726e-05,0.0463,0.12441122676599012,0.0003441575795791163
1.01,3.450421361760195e-05,0.0511,0.12692450026047225,0.0002718483314631376
1.02,2.972451888968517e-05,0.0581,0.12946290648989803,0.00022959872982617277
1.03,2.2588210589771984e-05,0.0631,0.13202644545426845,0.00017108853087767275
1.04,1.7944191960998973e-05,0.0719,0.13461511715358532,0.00013329997655854694
1.05,1.3400315214927311e-05,0.0799,0.13722892158784586,9.764935160806623e-05
1.06,1.210003698626451e-05,0.0847,0.13986785875705196,8.651048992808321e-05
1.07,9.468801676506256e-06,0.0928,0.14253192866120173,6.643284606787009e-05
1.08,7.346185324851304e-06,0.1048,0.1452211313002961,5.0586200913560345e-05
1.09,6.122330134140552e-06,0.1082,0.14793546667433694,4.138514091159873e-05
1.1,6.015130353352429e-06,0.1141,0.1506749347833224,3.992124079564042e-05
1.11,3.961888930603096e-06,0.1207,0.15343953562725152,2.58205221646894e-05
1.12,3.5077557710448295e-06,0.1254,0.15622926920612526,2.245261588221845e-05
1.13,2.7162531251308084e-06,0.1261,0.15904413551994173,1.707861227483129e-05
1.14,3.0758828892248683e-06,0.1150,0.1618841345687084,1.9000520943078416e-05
1.15,3.1068064676660774e-06,0.1289,0.16474926635241782,1.8857786358940487e-05
1.16,3.1456298016634928e-06,0.1431,0.16763953087107183,1.8764248416340014e-05
1.17,2.721441316512208e-06,0.1291,0.17055492812467046,1.5956392151406594e-05
1.18,2.475658091598667e-06,0.1201,0.1734954581132137,1.4269296260096835e-05
1.19,2.111926719601199e-06,0.1471,0.17646112083670154,1.1968226822924876e-05
1.2,2.182084771734198e-06,0.1253,0.179451916295134,1.2159718418082826e-05
1.21,2.2340058417095616e-06,0.1206,0.182467844488512,1.2243285100297287e-05
1.22,2.478878685871272e-06,0.1228,0.1855089054168355,1.3362585910909622e-05
1.23,2.100483331441094e-06,0.1385,0.18857509908010178,1.1138709944672299e-05
1.24,2.4008208781820664e-06,0.1483,0.19166642547831453,1.2526037735564173e-05
1.25,2.4245397229313696e-06,0.1286,0.1947828846114719,1.2447396123984574e-05
1.26,2.054181170622189e-06,0.1191,0.19792447647957384,1.037861111045649e-05
1.27,1.947363162407415e-06,0.1376,0.2010912010826204,9.683979964928056e-06
1.28,2.054837036325121e-06,0.1231,0.20428305842061156,1.0058773606640864e-05
1.29,2.3169581695698984e-06,0.1285,0.20750004849354736,1.1166060858255409e-05
1.3,2.5866951762009573e-06,0.1530,0.21074217130142772,1.2274217164162971e-05
1.31,2.7008060194707173e-06,0.1229,0.21400942684425645,1.262003295507261e-05
1.32,2.1352344246561277e-06,0.1242,0.21730181512202418,9.826123281377576e-06
1.33,2.1848746482317435e-06,0.1369,0.2206193361347421,9.903368791289185e-06
1.34,2.035777774778735e-06,0.1307,0.22396198988240093,9.089836073735955e-06
1.35,2.5903562772889635e-06,0.1203,0.2273297763650062,1.1394707366138542e-05
1.36,2.580107152050614e-06,0.1551,0.23072269558255795,1.1182719348593044e-05
1.37,2.3836019562200255e-06,0.1263,0.2341407475350506,1.0180209900727351e-05
1.38,1.991913085005054e-06,0.1388,0.23758393222248597,8.384039553397587e-06
1.39,1.8725063709101296e-06,0.1612,0.24105224964487526,7.768051838009216e-06
1.4,1.969427659338876e-06,0.1444,0.2445456998022036,8.053413578451031e-06
1.41,1.8178052134775637e-06,0.1352,0.24806428269448025,7.327960292116702e-06
1.42,2.492994482044815e-06,0.1323,0.2516079983216959,9.908248142642e-06
1.43,1.935009393495479e-06,0.1237,0.25517684668386176,7.583013187292652e-06
1.44,1.6638921321761616e-06,0.1275,0.2587708277809704,6.429983419864153e-06
1.45,1.9033418479882582e-06,0.1232,0.26238994161302176,7.253867416897203e-06
1.46,1.832704132878488e-06,0.1282,0.2660341881800233,6.888979741349301e-06
1.47,2.4699021358774165e-06,0.1327,0.26970356748196384,9.157840064694691e-06
1.48,2.4646747883346482e-06,0.1233,0.27339807951885087,9.014967452120336e-06
1.49,1.8548077859713179e-06,0.1243,0.2771177242906844,6.693212390939331e-06
1.5,2.1461296265570662e-06,0.1536,0.28086250179746247,7.641210958466425e-06
1.51,2.376279754044013e-06,0.1457,0.2846324120391834,8.348591564185202e-06
1.52,2.3233602019537388e-06,0.1133,0.28842745501585254,8.055267144475002e-06
1.53,1.9761429410136684e-06,0.1297,0.2922476307274626,6.761878397763754e-06
1.54,1.992950723281334e-06,0.1262,0.29609293917401913,6.730828262372177e-06
1.55,1.854553270922419e-06,0.1321,0.29996338035552217,6.1825989183225235e-06
1.56,2.2940909713303722e-06,0.1327,0.3038589542719661,7.54985475687864e-06
1.57,2.1251223459825695e-06,0.1238,0.3077796609233583,6.904687397494264e-06
1.58,2.3363698365686065e-06,0.1441,0.3117255003096951,7.494958975917768e-06
1.59,2.0616893645647055e-06,0.1941,0.31569647243097654,6.530606277254081e-06
1.6,1.7010611183557345e-06,0.1308,0.31969257728720074,5.320927788784911e-06
1.61,2.009464834338732e-06,0.1455,0.32371381487837136,6.207534995359237e-06
1.62,1.8742488200910525e-06,0.1472,0.3277601852044829,5.718354164712674e-06
1.63,1.9590806436971037e-06,0.1545,0.3318316882655391,5.903838340265453e-06
1.64,2.1031165832931623e-06,0.1502,0.335928324061551,6.260611066865012e-06
1.65,2.193048496917533e-06,0.1535,0.3400500925925038,6.449192471020892e-06
1.66,2.2896467470149848e-06,0.1450,0.34419699385839375,6.652140454070814e-06
1.67,2.4275351692761023e-06,0.1434,0.34836902785923207,6.968286429461271e-06
1.68,2.2854276706274697e-06,0.1526,0.3525661945950187,6.482265474296723e-06
1.69,2.257460382369624e-06,0.1339,0.3567884940657499,6.327166990854849e-06
1.7,2.081140187724782e-06,0.1295,0.36103592627141834,5.764357606229552e-06
1.71,1.1914926233392314e-06,0.1666,0.36530849121203873,3.261606702286163e-06
1.72,1.9270411146568772e-06,0.1449,0.3696061888876038,5.21376852605378e-06
1.73,1.4235614027332616e-06,0.1358,0.37392901929810973,3.807036440780615e-06
1.74,1.8672300781656497e-06,0.1458,0.378276982443564,4.936145112779168e-06
1.75,2.1353910493016034e-06,0.1477,0.3826500783239629,5.580532110838137e-06
1.76,1.6686398167421593e-06,0.1495,0.38704830693930264,4.311192651732325e-06
1.77,2.024745526313004e-06,0.1376,0.39147166828959445,5.172138088969395e-06
1.78,2.245997416128834e-06,0.1466,0.39592016237482347,5.672854351889548e-06
1.79,2.261787138200904e-06,0.1389,0.40039378919500074,5.648906649496911e-06
1.8,2.0838419628592466e-06,0.1691,0.40489254875012265,5.146654264920244e-06
1.81,1.832821601362595e-06,0.1418,0.4094164410401892,4.476668295747999e-06
1.82,1.6046488600247857e-06,0.1426,0.4139654660652003,3.876286771641117e-06
1.83,2.31276846030341e-06,0.1344,0.418539623825156,5.525805273026106e-06
1.84,1.675893495635776e-06,0.1408,0.4231389143200601,3.960622478622088e-06
1.85,1.9534030002985915e-06,0.1421,0.4277633375499013,4.566550774283489e-06
1.86,1.6627468144561168e-06,0.1404,0.4324128935146946,3.845275752397545e-06
1.87,1.6134296292117956e-06,0.1486,0.4370875822144325,3.6913188451559737e-06
1.88,2.028905868458466e-06,0.1540,0.4417874036491001,4.592493701042621e-06
1.89,1.6635593048045248e-06,0.1363,0.4465123578187346,3.7256736026998393e-06
1.9,2.2056469918380256e-06,0.1632,0.45126244472330634,4.887725574394803e-06
1.91,2.2713216634942684e-06,0.1341,0.45603766436281895,4.980557179784229e-06
1.92,2.256452111214371e-06,0.1421,0.46083801673727987,4.896410515759936e-06
1.93,1.8077812361670863e-06,0.1451,0.46566350184668537,3.88216218148503e-06
1.94,2.4660158868615384e-06,0.1355,0.4705141196910355,5.241109211517084e-06
1.95,2.4385184725401213e-06,0.1242,0.47538987027032653,5.129512900965849e-06
1.96,2.318906188598009e-06,0.1324,0.48029075358456585,4.828129984371465e-06
1.97,1.5653556520909418e-06,0.1585,0.4852167696337498,3.2260955310190535e-06
1.98,2.2935329960308633e-06,0.1265,0.4901679184178821,4.679076108109468e-06
1.99,1.3649739962848173e-06,0.1451,0.4951441999369516,2.7567201563880263e-06
2.0,1.8102382852929941e-06,0.1438,0.5001456141909694,3.6194224920300814e-06
2.01,1.304301524243471e-06,0.1518,0.5051721611799206,2.581895093342119e-06
2.02,1.4576272631243372e-06,0.1324,0.5102238409038573,2.856838795580705e-06
2.03,1.6759228627568028e-06,0.1544,0.5153006533626755,3.252320469264505e-06
2.04,1.9066407545836007e-06,0.1384,0.5204025985565088,3.66378023451888e-06
2.05,2.421505120425268e-06,0.1318,0.5255296764852162,4.607741919772228e-06
2.06,2.088433022779768e-06,0.1503,0.5306818871489314,3.9353764908009125e-06
2.07,1.7827115038505505e-06,0.1407,0.5358592305475428,3.326828021659662e-06
2.08,1.9891721537092207e-06,0.1398,0.5410617066811397,3.6764238332643383e-06
2.09,1.7118094846515394e-06,0.1551,0.5462893155496404,3.1335218096462844e-06
2.1,1.4999746516449668e-06,0.1335,0.5515420571531265,2.7196015828554006e-06
2.11,1.7270608095047852e-06,0.1722,0.5568199314915164,3.1016504830899684e-06
2.12,1.4294739830999886e-06,0.1550,0.5621229385648993,2.542991728374291e-06
2.13,1.9364679605064764e-06,0.1392,0.5674510783731709,3.4125725270593344e-06
2.14,2.0780957961783378e-06,0.1738,0.5728043509164429,3.627932980700207e-06
2.15,2.060485312602607e-06,0.1350,0.5781827561946038,3.5637266772949076e-06
2.16,2.038802588244494e-06,0.1401,0.5835862942077651,3.493575172138383e-06
2.17,1.5239284333624846e-06,0.1422,0.5890149649558225,2.587249092180167e-06
2.18,1.566882742384335e-06,0.1531,0.594468768438873,2.6357696578393954e-06
2.19,1.912386921264509e-06,0.1790,0.5999477046568197,3.1875893622402087e-06
2.2,1.4732016263088777e-06,0.1600,0.6054517736097594,2.4332270389192407e-06
2.21,1.6781351858741544e-06,0.1475,0.6109809752975879,2.7466242873712924e-06
2.22,1.8389886967782208e-06,0.1587,0.6165353097204243,2.9827791981810963e-06
2.23,2.276343441189849e-06,0.1500,0.622114776878142,3.659040945165867e-06
2.24,2.246134462693626e-06,0.1688,0.6277193767708601,3.578246181037589e-06
2.25,1.996376887401126e-06,0.1540,0.6333491093984744,3.152095515374123e-06
2.26,1.6287592663877795e-06,0.1564,0.6390039747610594,2.548903184830448e-06
2.27,2.0492083381283197e-06,0.1332,0.6446839728586151,3.178624604303184e-06
2.28,1.8937094322914713e-06,0.1469,0.6503891036910521,2.911656147903458e-06
2.29,1.9865780580185208e-06,0.1462,0.6561193672585044,3.0277692705812617e-06
2.3,2.2515282239222126e-06,0.1627,0.6618747635608381,3.401743574281567e-06
2.31,1.6017904602448448e-06,0.1423,0.6676552925981797,2.399127930239989e-06
2.32,1.8132533097184112e-06,0.1503,0.6734609543703951,2.6924401451210856e-06
2.33,1.2279567986141613e-06,0.1574,0.6792917488776258,1.807701625469585e-06
2.34,2.0056960538069608e-06,0.1401,0.6851476761197379,2.927392332651568e-06
2.35,2.2300510694112873e-06,0.1520,0.6910287360968504,3.2271466480646284e-06
2.36,2.177836328225656e-06,0.1397,0.6969349288088592,3.124877572068063e-06
2.37,1.8554636516742495e-06,0.1680,0.7028662542558609,2.639853087894606e-06
2.38,2.1078153226574486e-06,0.1748,0.7088227124377514,2.9736847954664776e-06
2.39,2.2207808482071643e-06,0.1533,0.7148043033546424,3.106837546703112e-06
2.4,1.7497420159778085e-06,0.1385,0.7208110270064296,2.4274628861389506e-06
2.41,1.756114681240622e-06,0.1399,0.7268428833932172,2.416085678712734e-06
2.42,1.5237326525556394e-06,0.1716,0.7328998725148788,2.0790461421791363e-06
2.43,1.8533590080006629e-06,0.1344,0.738981994371563,2.5079893990878307e-06
2.44,1.6832352758924735e-06,0.1514,0.7450892489631211,2.2591055745803503e-06
2.45,1.7272272231906035e-06,0.1317,0.7512216362896872,2.299224542734746e-06
2.46,1.391394616168585e-06,0.1465,0.7573791563511272,1.8371176503879428e-06
2.47,1.9678516238437712e-06,0.1478,0.7635618091475973,2.5772001693492026e-06
2.48,1.5141589711009062e-06,0.1738,0.769769594678919,1.967028811695897e-06
2.49,1.9292142816128594e-06,0.1582,0.7760025129452783,2.4860928275742614e-06
2.5,1.7946247659470848e-06,0.2040,0.7822605639464967,2.2941521644568414e-06
2.51,1.605588607897643e-06,0.1318,0.7885437476827006,2.03614398391465e-06
2.52,2.3936455116111875e-06,0.1638,0.7948520641538901,3.011435233749053e-06
2.53,2.1432320706157563e-06,0.1629,0.8011855133599386,2.67507591547389e-06
2.54,1.7911496566255813e-06,0.1647,0.8075440953010247,2.2180208697556038e-06
2.55,2.2205263331582654e-06,0.1389,0.8139278099769623,2.728161276638423e-06
2.56,2.0093963110563358e-06,0.1545,0.8203366573879303,2.4494776540335794e-06
2.57,1.8007722832820259e-06,0.1571,0.8267706375337497,2.1780796287755397e-06
2.58,1.8597708294248452e-06,0.1566,0.8332297504146291,2.2320024321015808e-06
2.59,1.7502804131966332e-06,0.1500,0.8397139960303452,2.084376849106826e-06
2.6,1.6696285098167278e-06,0.1430,0.8462233743810766,1.9730352060268785e-06
2.61,1.5494093053733953e-06,0.1508,0.8527578854667043,1.8169392881373616e-06
2.62,1.534735533900343e-06,0.1570,0.8593175292873473,1.7859935141473675e-06
2.63,1.2127348408819422e-06,0.1772,0.8659023058428269,1.4005446488579626e-06
2.64,1.5407362156301503e-06,0.1501,0.8725122151333665,1.7658620577531322e-06
2.65,1.3837885318226469e-06,0.1555,0.8791472571587577,1.57401222668293e-06
2.66,1.7517096130866033e-06,0.1424,0.8858074319191791,1.977528692992981e-06
2.67,1.8021819050913116e-06,0.1484,0.8924927394144522,2.0192678612418623e-06
2.68,1.8495902274688917e-06,0.1510,0.8992031796447553,2.056921360308804e-06
2.69,1.8837931344247586e-06,0.1555,0.905938752609925,2.079382440587431e-06
2.7,2.1946049543319527e-06,0.1388,0.9126994583101248,2.4045209344106474e-06
2.71,1.97857062301855e-06,0.1475,0.9194852967451911,2.1518241020517955e-06
2.72,2.1626143704934374e-06,0.1511,0.9262962679152726,2.334689715808344e-06
2.73,1.7816542874935861e-06,0.1582,0.9331323718202058,1.9093264163777955e-06
2.74,2.375545576018343e-06,0.1873,0.939993608460199,2.5271933283777514e-06
2.75,1.5365073502022927e-06,0.1618,0.9468799778350288,1.6227055024601993e-06
2.76,1.8472408577867485e-06,0.1843,0.953791479944859,1.9367344924212805e-06
2.77,2.215083626727967e-06,0.1678,0.9607281147896599,2.30563006601814e-06
2.78,2.152688283586383e-06,0.1388,0.9676898823693422,2.2245642150516535e-06
2.79,1.6572453737837652e-06,0.1740,0.9746767826840398,1.7003025035849173e-06
2.8,1.4795938696523751e-06,0.1833,0.9816888157335889,1.5071923464328312e-06
2.81,1.251538596798673e-06,0.1705,0.988725981518198,1.2658093548598001e-06
2.82,1.9183190797119204e-06,0.1266,0.9957882800376439,1.926432674663938e-06
2.83,1.2492969065602948e-06,0.1644,1.0028757112921198,1.245714591044071e-06
2.84,1.9467953980675638e-06,0.1528,1.0099882752814475,1.9275425722393275e-06
2.85,1.6246282913633446e-06,0.1688,1.017125972005835,1.5972734312933506e-06
2.86,1.694345836680942e-06,0.1711,1.0242888014650593,1.6541680766767027e-06
2.87,1.8794370114724515e-06,0.1627,1.0314767636593285,1.8220837130686772e-06
2.88,1.3613031061564684e-06,0.1370,1.0386898585884345,1.31059631987402e-06
2.89,1.937985261759527e-06,0.1591,1.0459280862525855,1.852885764549127e-06
2.9,2.021681556685876e-06,0.1393,1.0531914466515884,1.9195765054049843e-06
2.91,1.5524536969198392e-06,0.1700,1.0604799397856508,1.4639161370969718e-06
2.92,1.6340747152936284e-06,0.1579,1.0677935656545354,1.5303283030104929e-06
2.93,1.5688992846948411e-06,0.1601,1.0751323242584647,1.4592615711530531e-06
2.94,1.7782183343334517e-06,0.1433,1.082496215597246,1.6427016637211566e-06
2.95,2.1983150006216705e-06,0.1474,1.089885239671072,2.0170151137060295e-06
2.96,1.7751152085449546e-06,0.1600,1.097299396479735,1.617712735685203e-06
2.97,1.6237962229342522e-06,0.1746,1.1047386860234578,1.4698464383275637e-06
2.98,1.6667309538754179e-06,0.1547,1.1122031083020174,1.4985850528865984e-06
2.99,1.7845714215155805e-06,0.1759,1.119692663315622,1.5938046930048883e-06
3.0,1.9867542607446816e-06,0.1517,1.127207351064078,1.762545514690971e-06
3.01,1.972393738562582e-06,0.1590,1.1347471715475197,1.7381790305524318e-06
3.02,2.0366196322481694e-06,0.1666,1.1423121247659471,1.7828924232643163e-06
3.03,1.7129450133312418e-06,0.1558,1.1499022107192407,1.4896440735250253e-06
3.04,1.8887659669186284e-06,0.1780,1.1575174294075796,1.63173868395684e-06
3.05,2.192519888739051e-06,0.1967,1.1651577808307403,1.8817364693525167e-06
3.06,2.091966866343325e-06,0.1455,1.1728232649889607,1.7837017126045975e-06
3.07,1.4433254751842906e-06,0.1570,1.180513881882018,1.2226247376975261e-06
3.08,1.956261400078532e-06,0.1602,1.1882296315101353,1.646366449885866e-06
3.09,1.9569564219428326e-06,0.1418,1.1959705138730892,1.6362915299686861e-06
3.1,2.2004098552549146e-06,0.1528,1.2037365289710882,1.8279829533259641e-06
3.11,1.5893877461311976e-06,0.1987,1.2115276768039238,1.3118872779894632e-06
3.12,1.5603142963146762e-06,0.1501,1.2193439573718046,1.2796342548642349e-06
3.13,1.6870040564242447e-06,0.1629,1.227185370674552,1.3746937477725493e-06
3.14,1.8081727977807766e-06,0.1515,1.2350519167123144,1.4640459832604443e-06
3.15,1.7534716403482109e-06,0.1393,1.2429435954849435,1.410741120287185e-06
3.16,1.6552288314732588e-06,0.1626,1.2508604069926175,1.3232722230395353e-06
3.17,1.4433646313456597e-06,0.1970,1.2588023512351283,1.146617362073911e-06
3.18,1.7786686301891958e-06,0.1649,1.2667694282126842,1.4040981654402274e-06
3.19,1.6078400871763636e-06,0.1699,1.2747616379250768,1.2612868471579023e-06
3.2,1.6209476121946536e-06,0.1453,1.2827789803725291,1.263621899794396e-06
3.21,1.7432616712712304e-06,0.1627,1.2908214555548037,1.3505056518617945e-06
3.22,2.0711847336967e-06,0.1371,1.2988890634721675,1.594581702120153e-06
3.23,1.6238060119745943e-06,0.1743,1.3069818041243237,1.2424090426129096e-06
3.24,2.1491935961841943e-06,0.1477,1.3150996775115398,1.634243877430603e-06
3.25,2.0079573221260233e-06,0.1481,1.323242683633637,1.5174520493944113e-06
3.26,1.9757122232386087e-06,0.1597,1.3314108224906755,1.4839238121428486e-06
3.27,1.677675100978068e-06,0.1717,1.3396040940827736,1.2523663583805122e-06
3.28,1.8092104360570565e-06,0.1537,1.3478224984096343,1.3423209941901383e-06
3.29,1.6421213064549688e-06,0.1636,1.3560660354716143,1.2109449418397017e-06
3.3,1.682285738979274e-06,0.1399,1.364334705268416,1.2330447451663298e-06
3.31,1.441328510954469e-06,0.1652,1.3726285078002183,1.0500499609062832e-06
3.32,1.1985015762242918e-06,0.1808,1.3809474430669317,8.678835550486645e-07
3.33,1.8131554193149887e-06,0.1808,1.3892915110686455,1.3050935709815907e-06
3.34,1.8796230032389549e-06,0.1697,1.397660711805211,1.3448349712937442e-06
3.35,1.732601406338506e-06,0.1615,1.406055045276866,1.2322429425210305e-06
3.36,1.6193030534171534e-06,0.1465,1.4144745114832835,1.1448089309994544e-06
3.37,1.5314464163453426e-06,0.1462,1.4229191104248202,1.0762708892764262e-06
3.38,1.340031521492731e-06,0.1852,1.4313888421011791,9.361757490897148e-07
3.39,1.3132780742373262e-06,0.1578,1.4398837065125678,9.120723210474522e-07
3.4,1.5541569899393928e-06,0.1782,1.4484037036587787,1.0730136812088187e-06
3.41,1.729733217518223e-06,0.1500,1.4569488335401088,1.1872298997043703e-06
3.42,1.7179961581478495e-06,0.1592,1.4655190961562012,1.1722782477920973e-06
3.43,1.6457628294622906e-06,0.1419,1.4741144915074131,1.1164416596836734e-06
3.44,1.541959845672933e-06,0.1486,1.4827350195934172,1.0399429603380894e-06
3.45,1.9048983054026778e-06,0.1462,1.4913806804145109,1.277271678799832e-06
3.46,1.9215592520652096e-06,0.1371,1.500051473970367,1.2809955427590678e-06
3.47,1.9503194525907784e-06,0.1683,1.5087474002613723,1.2926746069308281e-06
3.48,1.9441034119734415e-06,0.1594,1.51746845928714,1.2811491402508105e-06
3.49,1.2506673722082117e-06,0.1845,1.526214651048027,8.194570608723998e-07
3.5,1.804541063813797e-06,0.1726,1.5349859755436763,1.1756075251271575e-06
3.51,2.0036011991737163e-06,0.1417,1.5437824327743557,1.2978520526192366e-06
3.52,1.988114937352256e-06,0.1825,1.5526040227400655,1.2805035335691018e-06
3.53,2.2487089803036407e-06,0.1708,1.561450745440597,1.440140834970186e-06
3.54,1.8139287535020274e-06,0.1524,1.5703226008761588,1.1551312784328196e-06
3.55,1.7773373207026483e-06,0.1847,1.5792195890465424,1.1254529344938787e-06
3.56,2.3353028311713e-06,0.1519,1.5881417099520452,1.4704625012599258e-06
3.57,1.4913015619017217e-06,0.1647,1.5970889635923107,9.337623613323063e-07
3.58,1.3956039035157583e-06,0.1692,1.6060613499676955,8.689605185653896e-07
3.59,1.9974732599194594e-06,0.1675,1.6150588690778425,1.2367804655070967e-06
3.6,1.3231258488216425e-06,0.1525,1.6240815209231387,8.146917699485731e-07
3.61,2.2064105369847222e-06,0.1745,1.6331293055031677,1.351032358276693e-06
3.62,1.4895884798418257e-06,0.1799,1.6422022228183457,9.070676309799384e-07
3.63,1.7669413598591648e-06,0.1753,1.6513002728682564,1.0700303202821153e-06
3.64,1.8799068854088803e-06,0.1565,1.660423455653346,1.1321852139634898e-06
3.65,1.596993830477136e-06,0.1548,1.6695717711731681,9.565290082468072e-07
3.66,2.0594183072053e-06,0.1500,1.67874521942808,1.226760489544035e-06
3.67,1.9699954236787273e-06,0.1461,1.6879438004178138,1.1670977571593898e-06
3.68,1.5807733906300062e-06,0.1786,1.697167514142667,9.314186003781378e-07
3.69,1.6447643473473797e-06,0.1489,1.7064163606022527,9.6387047459325e-07
3.7,1.2691882365357733e-06,0.1533,1.7156903397969578,7.397536764623706e-07
3.71,1.583152127433176e-06,0.1641,1.724989451726485,9.177749613765182e-07
3.72,1.3720123162909043e-06,0.1650,1.734313696391072,7.910981266802658e-07
3.73,1.8606322649749645e-06,0.1503,1.7436630737904808,1.0670824501262212e-06
3.74,2.115460563164756e-06,0.1941,1.7530375839249792,1.2067399938045404e-06
3.75,1.910752151527351e-06,0.1529,1.76243722679424,1.0841533091098435e-06
3.76,1.8885506080310988e-06,0.1444,1.7718620023985607,1.0658564862695726e-06
3.77,1.3081192499769535e-06,0.1559,1.7813119107378819,7.343572128449333e-07
3.78,1.8367372174995003e-06,0.1648,1.7907869518119952,1.025659258708028e-06
3.79,1.6036307998291904e-06,0.1665,1.8002871256212278,8.907639103822525e-07
3.8,1.6947765544560016e-06,0.1511,1.809812432165223,9.364376795823009e-07
3.81,1.6466927882948055e-06,0.1661,1.8193628714443373,9.05093103822409e-07
3.82,1.4263121230694375e-06,0.1614,1.828938443458214,7.79857916033807e-07
3.83,1.6242073626286273e-06,0.1361,1.8385391482072402,8.834227784664755e-07
3.84,1.2479068628316935e-06,0.1816,1.8481649856909987,6.752139946884242e-07
3.85,1.6434036707398051e-06,0.1554,1.8578159559099066,8.84589060349044e-07
3.86,1.491047046852823e-06,0.1649,1.8674920588635766,7.984221618378225e-07
3.87,1.9008750098220077e-06,0.1597,1.8771932945523662,1.0126154910836121e-06
3.88,1.949369915677579e-06,0.1662,1.886919662975918,1.0330964025268403e-06
3.89,1.583670946571316e-06,0.1768,1.8966711641345892,8.34973914570959e-07
3.9,1.3582685036503671e-06,0.1943,1.906447798028023,7.124603700428213e-07
3.91,2.1335996549189698e-06,0.1970,1.9162495646566058,1.1134247304062994e-06
3.92,1.2493654298426905e-06,0.1523,1.9260764640199213,6.486582714557113e-07
3.93,1.880406126466336e-06,0.1313,1.9359284961183858,9.713200307948489e-07
3.94,1.7417345809778376e-06,0.1529,1.9458056609516128,8.951225787502475e-07
3.95,1.5756928786923715e-06,0.1523,1.9557079585199593,8.056892501909255e-07
3.96,1.7482540818457845e-06,0.1579,1.9656353888230977,8.89409140569316e-07
3.97,1.687424985158962e-06,0.1876,1.9755879518612962,8.541381230682026e-07
3.98,1.4736910783259906e-06,0.1495,1.9855656476343164,7.422021427907992e-07
3.99,1.4404083411622963e-06,0.1391,1.9955684761424264,7.218035153304818e-07
4.0,2.0346030899376634e-06,0.1504,2.0055964373853286,1.0144628560420413e-06
4.01,1.5219804143343742e-06,0.1643,2.015649531363231,7.550818684759266e-07
4.02,1.6171103083804866e-06,0.1679,2.0257277580761337,7.982860983828756e-07
4.03,1.1332086771413972e-06,0.1996,2.035831117524156,5.56631965877175e-07
4.04,1.65653077383878e-06,0.1412,2.0459596097067028,8.096595680479981e-07
4.05,1.474112007060708e-06,0.1785,2.0561132346243687,7.169410625042805e-07
4.06,1.1878315222512252e-06,0.1780,2.066291992277035,5.748614071442273e-07
4.07,1.6549938945050446e-06,0.1603,2.0764958826648803,7.970128466525543e-07
4.08,1.4907044304408438e-06,0.1675,2.0867249057871904,7.143751561629512e-07
4.09,1.8305407549628479e-06,0.1736,2.0969790616446202,8.729418373530111e-07
4.1,2.295285234252128e-06,0.1350,2.1072583502371094,1.08922820687547e-06
4.11,1.71652780209651e-06,0.1591,2.1175627715646588,8.106148375607182e-07
4.12,1.871674302481037e-06,0.1568,2.127892325626792,8.795907010613034e-07
4.13,2.1391598298333746e-06,0.1635,2.138247012424104,1.0004268998876025e-06
4.14,1.6098174733255006e-06,0.1652,2.1486268319562383,7.492308340298564e-07
4.15,2.085985762694202e-06,0.1676,2.1590317842236106,9.66167231967974e-07
4.16,1.9031558562217551e-06,0.1484,2.169461869225507,8.772478941522845e-07
4.17,1.8325964534347231e-06,0.1918,2.179917086962583,8.406725486922973e-07
4.18,1.8969593936851027e-06,0.1742,2.19039743743454,8.660343375432721e-07
4.19,1.4935628302207847e-06,0.1679,2.2009029206416764,6.786136799642822e-07
4.2,1.6007626110089072e-06,0.1558,2.2114335365833364,7.238574366029036e-07
4.21,1.5680965833867754e-06,0.1801,2.2219892852601757,7.057174369781738e-07
4.22,1.758943713899536e-06,0.1513,2.2325701666719557,7.878559608818724e-07
4.23,2.205372898708442e-06,0.1430,2.2431761808188555,9.831474306683245e-07
4.24,2.0373733883545237e-06,0.1625,2.2538073277003385,9.0396963543168e-07
4.25,2.1346372931952495e-06,0.1653,2.264463607316882,9.426679617627148e-07
4.26,2.065477723177161e-06,0.1528,2.2751450196684853,9.078444254415591e-07
4.27,2.2149074240018063e-06,0.1619,2.28585156475491,9.689638024415159e-07
4.28,1.4944144767305615e-06,0.1496,2.2965832425766335,6.507120878640196e-07
4.29,2.1402170461903394e-06,0.1767,2.3073400531327617,9.275689741893428e-07
4.3,2.2074383862206596e-06,0.1592,2.3181219964240687,9.522528967957038e-07
4.31,1.8670342973588045e-06,0.1651,2.3289290724503764,8.016707419064547e-07
4.32,1.5727659556300348e-06,0.1569,2.339761281211744,6.721907778623945e-07
4.33,1.878555997841648e-06,0.1796,2.3506186227077546,7.991751531678405e-07
4.34,1.4285440242674733e-06,0.1851,2.3615010969388255,6.049304936251231e-07
4.35,1.5739112733500798e-06,0.1606,2.3724087039048967,6.634233261577064e-07
4.36,1.97173787285965e-06,0.1516,2.3833414436060876,8.272997887689708e-07
4.37,2.0233359045037186e-06,0.1579,2.3942993160418617,8.450638944543484e-07
4.38,1.0928093076488776e-06,0.1702,2.405282321212696,4.5433723019171594e-07
4.39,1.8904398928171556e-06,0.1604,2.416290459118531,7.823727837367669e-07
4.4,1.0671130767504372e-06,0.1717,2.4273237297595447,4.3962536338576786e-07
4.41,1.5036749088943424e-06,0.1601,2.438382133135023,6.166690972924211e-07
4.42,1.4602017807343523e-06,0.1508,2.44946566924568,5.961307394783881e-07
4.43,1.7827702380926041e-06,0.1935,2.460574338091279,7.245341912634665e-07
4.44,1.5551848391753304e-06,0.1608,2.4717081396721152,6.291943673340145e-07
4.45,1.8792020745042375e-06,0.1694,2.482867073987298,7.568677736284852e-07
4.46,1.2530754761324083e-06,0.1612,2.4940511410378376,5.024257343860928e-07
4.47,1.5955254744257964e-06,0.1543,2.50526034082314,6.368701281965623e-07
4.48,1.5714640132645141e-06,0.1510,2.5164946733437406,6.244654637700717e-07
4.49,1.7980802971879034e-06,0.1519,2.5277541385988056,7.113351214547402e-07
4.5,1.782359098398229e-06,0.1533,2.53903873658899,7.019818456148079e-07
4.51,1.2762461346225449e-06,0.1838,2.550348467314175,5.00420295884737e-07
4.52,1.1940181957475353e-06,0.1620,2.5616833307743008,4.661068686372833e-07
4.53,1.5764074786373568e-06,0.1600,2.573043326969546,6.1266262488242e-07
4.54,1.1831523609676235e-06,0.1607,2.5844284558993746,4.5780039229443064e-07
4.55,1.9996562159157843e-06,0.1559,2.5958387175642637,7.703314548725541e-07
4.56,2.0940421428958843e-06,0.1742,2.607274111964153,8.031538123616651e-07
4.57,1.7662267599141795e-06,0.1368,2.618734639099281,6.744580888583949e-07
4.58,1.5978356879465707e-06,0.1481,2.6302202989687546,6.074912008598836e-07
4.59,1.5974832824942493e-06,0.1881,2.641731091573526,6.047107851324569e-07
4.6,1.6532416562837796e-06,0.1499,2.653267016913179,6.230965996807843e-07
4.61,1.5530214612596904e-06,0.1635,2.6648280749880704,5.827848617463408e-07
4.62,1.3123383263644688e-06,0.1629,2.6764142657973666,4.903345282287577e-07
4.63,1.8590366513991755e-06,0.1550,2.6880255893418425,6.915993131800344e-07
4.64,1.7849434050485865e-06,0.1556,2.6996620456213183,6.611729078992136e-07
4.65,1.887003939657021e-06,0.1554,2.7113236346359733,6.959714862332814e-07
4.66,1.987322025084533e-06,0.1476,2.7230103563850334,7.298253642056753e-07
4.67,1.4282797201782325e-06,0.1940,2.734722210869332,5.222759790743797e-07
4.68,2.112288914093863e-06,0.1573,2.7464591980885715,7.690953193711866e-07
4.69,1.7200420675793825e-06,0.1755,2.75822131804299,6.236055302479442e-07
4.7,2.280474416214284e-06,0.1425,2.7700085707318136,8.232734152197231e-07
4.71,2.359765642986615e-06,0.1476,2.7818209561559355,8.482809210868342e-07
4.72,1.8214956816865966e-06,0.1910,2.793658474314938,6.520108661933934e-07
4.73,1.5027841062231963e-06,0.1474,2.8055211252091206,5.356523936746975e-07
4.74,1.7790895589239131e-06,0.1619,2.817408908837767,6.314630273735524e-07
4.75,1.88911837237095e-06,0.1684,2.8293218252015926,6.67692998210392e-07
4.76,1.7559091113934342e-06,0.1474,2.8412598743004187,6.180036987379686e-07
4.77,1.4242074793958509e-06,0.1549,2.8532230561341265,4.99157427013621e-07
4.78,1.7251519466380439e-06,0.1885,2.8652113707030127,6.021028550555967e-07
4.79,1.7147168296331913e-06,0.1899,2.877224818006483,5.959620600037963e-07
4.8,1.5869306970052896e-06,0.2771,2.8892633980449536,5.492509606701488e-07
4.81,1.633350326308301e-06,0.1580,2.901327110818544,5.629666231766221e-07
4.82,1.6679937400795698e-06,0.1506,2.913415956327194,5.725216601690926e-07
4.83,1.8827652851888214e-06,0.2041,2.9255299345703683,6.435638422087507e-07
4.84,1.8130868960325927e-06,0.1550,2.937669045548662,6.171855535530439e-07
4.85,1.6750810052873683e-06,0.1615,2.9498332892620156,5.678561603413314e-07
4.86,1.2634518588952072e-06,0.1819,2.9620226657104887,4.265503682741563e-07
4.87,1.115637349727035e-06,0.1836,2.9742371748934264,3.7510033132008406e-07
4.88,1.566628227335436e-06,0.1614,2.986476816811543,5.245740460855203e-07
4.89,1.7780812877686601e-06,0.1780,2.9987415914646007,5.929424838837935e-07
4.9,1.5238501210397465e-06,0.1646,3.011031498852897,5.060890666936838e-07
4.91,1.1561346096229772e-06,0.1848,3.0233465389755385,3.8240227996316084e-07
4.92,1.2285832971960662e-06,0.2069,3.0356867118334785,4.0471346809501064e-07
4.93,1.712837333887477e-06,0.1646,3.0480520174263592,5.619449156690316e-07
4.94,2.1049079776757963e-06,0.1720,3.0604424557544188,6.877789757876442e-07
4.95,1.5100867303185247e-06,0.1694,3.0728580268168244,4.914274324228459e-07
4.96,1.6167089577264539e-06,0.1641,3.085298730614528,5.240040264770209e-07
4.97,1.5887612475492927e-06,0.1669,3.097764567147172,5.128734650782168e-07
4.98,1.5248877593160265e-06,0.1641,3.1102555364150546,4.902773233461208e-07
4.99,1.84491106618529e-06,0.1859,3.1227716384172237,5.907928211876494e-07
5.0,1.3843465071221558e-06,0.1668,3.13531287315475,4.4153376812095537e-07
5.01,1.5416661744626654e-06,0.1738,3.147879240627158,4.897475591076093e-07
5.02,1.6822074266565359e-06,0.1690,3.1604707408344472,5.322648316030254e-07
5.03,1.9595211505125057e-06,0.1584,3.173087373777094,6.175440256408647e-07
5.04,1.4212903453738565e-06,0.1704,3.185729139454027,4.461428712729289e-07
5.05,1.812059046796655e-06,0.1466,3.198396037866198,5.665524298252839e-07
5.06,1.2596243441213821e-06,0.1811,3.2110880690133103,3.9227337184446464e-07
5.07,1.324359267904768e-06,0.1541,3.223805232895661,4.10806228115466e-07
5.08,1.5508678723843924e-06,0.1677,3.236547529512536,4.791735200063545e-07
5.09,1.6297969046640595e-06,0.2047,3.2493149588642924,5.015816950024783e-07
5.1,2.058331723727309e-06,0.1738,3.2621075209514063,6.309821826862986e-07
5.11,1.1747435753136194e-06,0.1681,3.2749252157734015,3.587085194054404e-07
5.12,1.7945856097857157e-06,0.2139,3.2877680433300402,5.45837049978762e-07
5.13,1.729253554541452e-06,0.1685,3.3006360036216793,5.23915255315642e-07
5.14,1.249306695600637e-06,0.2078,3.3135290966483186,3.7703205831641205e-07
5.15,1.429385881736908e-06,0.1622,3.3264473224104343,4.297034473106089e-07
5.16,1.360275256920531e-06,0.1721,3.3393906809065985,4.0734235281247025e-07
5.17,1.6428261173596116e-06,0.1779,3.35235917213812,4.900507472508754e-07
5.18,1.8182750874139922e-06,0.1723,3.365352796104642,5.402925629427693e-07
5.19,1.8997003249809363e-06,0.1609,3.3783715528062834,5.623124322731549e-07
5.2,1.5308394958441222e-06,0.1529,3.3914154422423297,4.5138660300254e-07
5.21,2.0455178699192866e-06,0.1621,3.404484464413734,6.008304315383424e-07
5.22,1.449071641865199e-06,0.1652,3.4175786193199005,4.2400535679660964e-07
5.23,1.5037434321767382e-06,0.1631,3.4306979069614245,4.3831997831269454e-07
5.24,1.7043208687897081e-06,0.1717,3.4438423273373537,4.948893435860123e-07
5.25,1.194419546401568e-06,0.1554,3.4570118804482832,3.455063470151232e-07
5.26,1.4869748060704416e-06,0.1581,3.4702065662943324,4.2849749075839906e-07
5.27,1.680543289798351e-06,0.1709,3.483426384875382,4.824397314939876e-07
5.28,1.3856288714069923e-06,0.1596,3.4966713361915507,3.9627083537000924e-07
5.29,1.316772761639514e-06,0.1889,3.5099414202421246,3.7515519605130036e-07
5.3,1.7629963766012328e-06,0.1684,3.5232366370279373,5.003911341272912e-07
5.31,1.6809348514120417e-06,0.1621,3.5365569865487503,4.7530263411715297e-07
5.32,1.7312896749326429e-06,0.1863,3.549902468804683,4.877006312558215e-07
5.33,1.8942380404699535e-06,0.1877,3.5632730837950204,5.316005806808718e-07
5.34,1.4510881841757052e-06,0.1734,3.5766688315205966,4.0570940518381315e-07
5.35,1.2523217200260542e-06,0.1754,3.590089711981054,3.4882741672073936e-07
5.36,1.7246233384595617e-06,0.1711,3.603535725176988,4.78591991307331e-07
5.37,1.669745978300835e-06,0.1548,3.6170068711069705,4.616374913851949e-07
5.38,1.4151036718775463e-06,0.1733,3.630503149772429,3.8978169512571535e-07
5.39,1.7259840150671363e-06,0.1488,3.644024561172769,4.7364774470994694e-07
5.4,1.4635594215717484e-06,0.1577,3.6575711053082287,4.001451726933446e-07
5.41,1.8199979585142305e-06,0.1601,3.6711427821782125,4.957578788135189e-07
5.42,1.5766913608072824e-06,0.1742,3.6847395917833157,4.2789763605633956e-07
5.43,1.522195773221904e-06,0.2058,3.6983615341233005,4.115865253240424e-07
5.44,1.2014676554479976e-06,0.1719,3.7120086091988806,3.2367049270052645e-07
5.45,1.5069248702879738e-06,0.1635,3.72568081700839,4.0446966455328004e-07
5.46,1.4504518965534582e-06,0.1681,3.7393781575532565,3.8788585573343435e-07
5.47,1.4821390201413635e-06,0.1846,3.753100630833243,3.949105462201015e-07
5.48,1.2512155584673783e-06,0.1809,3.7668482368483485,3.321651098729284e-07
5.49,1.5774451169136367e-06,0.1664,3.7806209755977407,4.1724497829731063e-07
5.5,1.3734904613825862e-06,0.1502,3.7944188470824898,3.619765019981008e-07
5.51,1.1700546249896754e-06,0.1684,3.8082418513021206,3.072427305502166e-07
5.52,1.7730007758310257e-06,0.1482,3.8220899882567516,4.6388253057319774e-07
5.53,1.8815416551460381e-06,0.1622,3.8359632579465024,4.905004372104647e-07
5.54,1.2365907321960375e-06,0.1642,3.8498616603707774,3.2120393959219365e-07
5.55,1.4537703812294853e-06,0.1836,3.8637851955301716,3.762554872127164e-07
5.56,1.5500749601166693e-06,0.1685,3.877733863424566,3.9973732461044715e-07
5.57,1.6270461843278836e-06,0.1807,3.8917076640541994,4.1808026829869914e-07
5.58,1.5790700976104525e-06,0.1682,3.905706597418119,4.0429818733806125e-07
5.59,1.3588362679902183e-06,0.1933,3.9197306635172766,3.466657239073919e-07
5.6,1.338465275037969e-06,0.1635,3.933779862351435,3.4024915523307784e-07
5.61,1.5711409749332195e-06,0.1651,3.947854193920951,3.9797340473022517e-07
5.62,1.265086628632365e-06,0.1953,3.9619536582246337,3.193087899971185e-07
5.63,1.4661535172624482e-06,0.1631,3.976078255263555,3.6874362704545505e-07
5.64,1.4084373354044652e-06,0.1547,3.990227985037596,3.529716448999329e-07
5.65,1.3390036722567933e-06,0.1832,4.004402847546756,3.3438285887672764e-07
5.66,1.4664373994323736e-06,0.1872,4.0186028427902025,3.6491224856004797e-07
5.67,1.729106718936318e-06,0.1668,4.032827970768888,4.287578670524474e-07
5.68,1.3531390465110213e-06,0.1457,4.047078231482692,3.343496144909667e-07
5.69,1.9046242122730945e-06,0.1741,4.061353624931735,4.689629094548761e-07
5.7,1.8266055607452582e-06,0.1541,4.075654151114945,4.481748188191012e-07
5.71,1.5062396374640152e-06,0.1649,4.089979810033513,3.682755679548631e-07
5.72,1.0411721198434401e-06,0.2152,4.104330601686962,2.5367647513957515e-07
5.73,1.335303415007418e-06,0.1721,4.118706526075767,3.2420455464683767e-07
5.74,1.2052951702218224e-06,0.1782,4.133107583198861,2.9161959759319203e-07
5.75,1.7181527827933257e-06,0.1622,4.147533773057073,4.142589010256344e-07
5.76,1.4506378883199611e-06,0.1626,4.161985095650404,3.4854471003175623e-07
5.77,1.558101973197325e-06,0.1868,4.176461550978616,3.7306747690092705e-07
5.78,9.021530634227914e-07,0.1727,4.190963139042068,2.1526151232840417e-07
5.79,1.2769607345675302e-06,0.1607,4.205489859839925,3.0364137761020206e-07
5.8,1.7367519594436256e-06,0.1773,4.2200417133727814,4.115485289967815e-07
5.81,1.434035675899483e-06,0.1855,4.234618699640996,3.386457619008432e-07
5.82,1.725974226026794e-06,0.1663,4.249220818644211,4.0618605144119017e-07
5.83,1.4607108108321498e-06,0.1906,4.263848070381712,3.425804078195926e-07
5.84,1.4224160850132166e-06,0.1593,4.27850045485457,3.324566866410596e-07
5.85,1.682178059535509e-06,0.1549,4.293177972062311,3.9182583868691616e-07
5.86,1.444157543613383e-06,0.1695,4.307880622005408,3.3523620321240417e-07
5.87,1.4091225682284237e-06,0.1609,4.322608404682673,3.259889484094659e-07
5.88,1.2845570298731263e-06,0.2077,4.337361320095295,2.961609455780603e-07
5.89,1.5669806327877576e-06,0.1804,4.352139368242798,3.600483578770216e-07
5.9,1.467709974676868e-06,0.1583,4.3669425491257785,3.360955538493837e-07
5.91,1.541959845672933e-06,0.1643,4.3817708627426875,3.5190335003226803e-07
5.92,1.6122451553303818e-06,0.1516,4.396624309095192,3.667006871601853e-07
5.93,2.115793390536393e-06,0.1884,4.411502888182579,4.796082977082768e-07
5.94,1.7738230552197758e-06,0.1837,4.426406600005084,4.007365828565633e-07
5.95,1.794409407059555e-06,0.1802,4.441335444561995,4.040247419853512e-07
5.96,9.883700362372733e-07,0.1677,4.456289421854144,2.217921554623889e-07
5.97,1.6857021140587238e-06,0.2099,4.471268531881294,3.7700757671771093e-07
5.98,1.2971457357532766e-06,0.1835,4.486272774643681,2.891366176137833e-07
5.99,1.4782136149641161e-06,0.1612,4.501302150140356,3.283968873136018e-07
6.0,1.2938076729965649e-06,0.1991,4.516356658372269,2.86471545731037e-07
6.01,1.5672057807156296e-06,0.1986,4.531436299339182,3.458518838594674e-07
6.02,1.6061857393585211e-06,0.1687,4.546541073040976,3.532764168529145e-07
6.03,1.2442163946226603e-06,0.1944,4.561670979478128,2.72754523555095e-07
6.04,1.683411478618634e-06,0.1522,4.576826018649448,3.67811988430223e-07
6.05,1.818010783324751e-06,0.1415,4.592006190556243,3.959077378997457e-07
6.06,1.0689436272944403e-06,0.2081,4.607211495197682,2.32015315209352e-07
6.07,1.5526103215653153e-06,0.2017,4.622441932574717,3.3588530569177005e-07
6.08,1.5112026809175425e-06,0.1590,4.637697502685919,3.2585192976521876e-07
6.09,1.489931096253805e-06,0.1616,4.65297820553224,3.20210203108694e-07
6.1,1.6280152993217675e-06,0.1614,4.668284041113681,3.487395550450231e-07
6.11,1.2962843002031575e-06,0.1790,4.68361500943036,2.7677003715999636e-07
6.12,1.348361994823997e-06,0.1697,4.698971110481326,2.8694834744065523e-07
6.13,1.0611417621416567e-06,0.1747,4.71435234426753,2.2508749551398383e-07
6.14,1.4519398306854823e-06,0.1928,4.729758710788615,3.069796832074322e-07
6.15,1.3823005976906228e-06,0.1663,4.745190210045296,2.9130562453837397e-07
6.16,1.5182605790043143e-06,0.1724,4.760646842035786,3.189189682373212e-07
6.17,1.4817180914066461e-06,0.1658,4.776128606761873,3.102341275544554e-07
6.18,1.7382692606966764e-06,0.1481,4.791635504222841,3.627715962878958e-07
6.19,1.8588604486730149e-06,0.1640,4.8071675344191656,3.866851811100057e-07
6.2,1.4480144255082347e-06,0.1767,4.822724697349539,3.0024820332457106e-07
6.21,1.7470500298836862e-06,0.1448,4.83830699301527,3.6108705636202535e-07
6.22,1.7470598189240286e-06,0.1644,4.85391442141612,3.5992802246693246e-07
6.23,1.6117752813939533e-06,0.1605,4.869546982552091,3.3099080616103524e-07
6.24,1.8569907419676425e-06,0.1550,4.8852046764223465,3.801254737452679e-07
6.25,1.7172815582028643e-06,0.1603,4.90088750302796,3.5040215820947957e-07
6.26,1.9229590848341532e-06,0.1630,4.916595462368455,3.911159865708807e-07
6.27,1.7030580825855562e-06,0.1797,4.932328554443831,3.452848008373588e-07
6.28,1.1734710000691252e-06,0.1590,4.948086779254684,2.3715651168225506e-07
6.29,1.1431151859677674e-06,0.1899,4.963870136799704,2.3028708537180918e-07
6.3,1.3303012153925215e-06,0.1735,4.979678627079843,2.671459977674563e-07
6.31,1.4874838361682393e-06,0.1868,4.995512250095222,2.9776402532891113e-07
6.32,1.4768725164372262e-06,0.1572,5.011371005845719,2.947042864546384e-07
6.33,1.3554003148300839e-06,0.1749,5.027254894330502,2.6961042225223936e-07
6.34,1.1660606965300322e-06,0.1635,5.043163915550524,2.312161008557546e-07
6.35,1.407125603998602e-06,0.1739,5.059098069505547,2.7813764126856074e-07
6.36,1.4926916056303232e-06,0.1491,5.075057356195926,2.9412310065973105e-07
6.37,1.0411525417627557e-06,0.1919,5.091041775620235,2.0450677634361257e-07
6.38,1.0012524133276913e-06,0.1715,5.107051327780378,1.9605293721668053e-07
6.39,1.5221664061008773e-06,0.1646,5.123086012674926,2.971190415962011e-07
6.4,1.5717478954344397e-06,0.1698,5.139145830305307,3.058383527795445e-07
6.41,1.4098371681734086e-06,0.1668,5.15523078066938,2.734770232711771e-07
6.42,1.7630257437222595e-06,0.1970,5.171340863769048,3.409223623362755e-07
6.43,1.417208315551133e-06,0.1798,5.187476079603598,2.73198043480796e-07
6.44,1.8108549948345567e-06,0.1712,5.203636428173743,3.479979856067866e-07
6.45,1.4499918116573718e-06,0.1837,5.219821909477579,2.777856863324467e-07
6.46,1.2163469967682372e-06,0.1980,5.236032523517011,2.3230317827575763e-07
6.47,1.7002290499266423e-06,0.2079,5.2522682702913235,3.2371329155895096e-07
6.48,2.1713364054383934e-06,0.1816,5.268529149800995,4.1213331912957343e-07
6.49,1.7688795898469329e-06,0.2045,5.28481516204507,3.3470983101752e-07
6.5,1.25641353888912e-06,0.1782,5.3011263070240275,2.370087913627645e-07
6.51,1.3350391109181769e-06,0.1665,5.317462584738104,2.51066949629309e-07
6.52,1.3384456969572844e-06,0.1760,5.333823995187299,2.509354823415549e-07
6.53,1.8134784576462834e-06,0.1796,5.3502105383718535,3.3895459713967653e-07
6.54,1.5551163158929347e-06,0.1640,5.366622214290336,2.8977562679033813e-07
6.55,1.6025637944318835e-06,0.1730,5.383059022944177,2.9770503864090783e-07
6.56,1.9525611428291568e-06,0.1433,5.399520964332898,3.616174760181513e-07
6.57,1.560970162017608e-06,0.1573,5.416008038457453,2.8821415162858435e-07
6.58,1.3084129211872212e-06,0.1645,5.432520245315461,2.408482365648769e-07
6.59,1.6550330506664136e-06,0.1479,5.449057584909303,3.037283098732312e-07
6.6,1.2470160601605474e-06,0.1801,5.465620057238026,2.281563751415808e-07
6.61,1.1017662795620482e-06,0.1656,5.482207662301868,2.0097127789198682e-07
6.62,1.5081387112904143e-06,0.1707,5.498820400099878,2.7426586095865595e-07
6.63,1.069824640925244e-06,0.1660,5.515458270633483,1.9396840451525495e-07
6.64,1.5020792953185534e-06,0.1660,5.5321212739019705,2.7151958913205315e-07
6.65,1.3272764019267623e-06,0.1748,5.5488094099055765,2.3920021465457913e-07
6.66,1.5534619680750924e-06,0.1778,5.565522678643588,2.79122385761924e-07
6.67,1.5879487572008849e-06,0.1684,5.5822610801167185,2.8446336249964193e-07
6.68,1.478164669762405e-06,0.1925,5.599024614324969,2.6400395990054346e-07
6.69,1.1684492223735444e-06,0.1607,5.615813281268815,2.080641153563335e-07
6.7,1.2355530939197576e-06,0.1657,5.632627080946113,2.1935645235583774e-07
6.71,1.8487287919187725e-06,0.1721,5.649466013359246,3.27239563446722e-07
6.72,1.2821097697875606e-06,0.1895,5.666330078507022,2.262681051092904e-07
6.73,1.3265324348607503e-06,0.2014,5.683219276390631,2.3341215081590532e-07
6.74,1.318407531376672e-06,0.1838,5.700133607007931,2.3129414541367565e-07
6.75,1.6632166883925453e-06,0.1600,5.7170730703608275,2.909210128894807e-07
6.76,1.3782283569082414e-06,0.1818,5.734037666448605,2.403591390709946e-07
6.77,1.239106515563999e-06,0.1756,5.751027395271025,2.1545828778052697e-07
6.78,1.1582881984982753e-06,0.1715,5.768042256829518,2.0081132330936562e-07
6.79,1.3575930598667509e-06,0.1581,5.785082251121463,2.3467134967762566e-07
6.8,1.3571231859303222e-06,0.1841,5.802147378148766,2.3390015755913567e-07
6.81,1.5531682968648244e-06,0.1574,5.819237637911426,2.669023665138153e-07
6.82,1.1454547666095684e-06,0.1604,5.836353030409444,1.9626207678688177e-07
6.83,1.4348090100865217e-06,0.1929,5.853493555641153,2.4512011441505075e-07
6.84,1.4748853412477467e-06,0.1593,5.870659213608457,2.512299364658904e-07
6.85,1.1997252062670747e-06,0.1811,5.887850004310882,2.0376286851544744e-07
6.86,1.4826480502391615e-06,0.1761,5.905065927748424,2.510806938280008e-07
6.87,1.7690068473713823e-06,0.1506,5.922306983920135,2.987023219455654e-07
6.88,1.1434382242990622e-06,0.1666,5.939573172827203,1.925118507724002e-07
6.89,2.2844977117949546e-06,0.1871,5.956864494469152,3.8350674485143515e-07
6.9,1.757494935928881e-06,0.1616,5.974180948846936,2.9418173821268194e-07
6.91,1.7979628287037963e-06,0.1694,5.991522535957933,3.0008446399281305e-07
6.92,1.2876307885405968e-06,0.1769,6.008889255805003,2.1428765512638736e-07
6.93,1.4026520125621875e-06,0.1522,6.026281108386954,2.3275582192972632e-07
6.94,1.9076490257388537e-06,0.1573,6.043698093704024,3.156426737672639e-07
6.95,1.602162443777851e-06,0.1658,6.061140211755262,2.643335062057369e-07
6.96,1.1534817796902242e-06,0.1779,6.078607462541857,1.8976085999931948e-07
6.97,1.0934064391097557e-06,0.1877,6.096099846063572,1.793616355899748e-07
6.98,1.2722619952032438e-06,0.1757,6.113617362320643,2.081029805765127e-07
6.99,1.5751740595542319e-06,0.1766,6.131160011311406,2.5691289358754065e-07
7.0,1.648836588129761e-06,0.1586,6.148727793038003,2.6815898241530274e-07
7.01,1.0950216307662292e-06,0.1738,6.166320707499243,1.775810378196038e-07
7.02,1.0206738693667413e-06,0.1923,6.183938754695602,1.650523897235756e-07
7.03,1.1298412472636589e-06,0.1561,6.201581934627558,1.821859743487389e-07
7.04,1.3284021415661226e-06,0.1748,6.219250247292966,2.1359522269494335e-07
7.05,1.3410593707286685e-06,0.1587,6.236943692694208,2.150186753007808e-07
7.06,1.2561981800015904e-06,0.1586,6.254662270830568,2.0084188811601134e-07
7.07,1.6615525515343607e-06,0.1896,6.272405981701811,2.648987575711024e-07
7.08,1.0705196627895447e-06,0.1865,6.290174825307458,1.7018917478771643e-07
7.09,1.5768675635334432e-06,0.1663,6.307968801648226,2.4998024136096224e-07
7.1,1.5945465703915703e-06,0.1706,6.325787910724112,2.520708238871453e-07
7.11,1.5550380035701966e-06,0.2045,6.343632152535594,2.4513369725396784e-07
7.12,1.9134147705004467e-06,0.1699,6.361501527080768,3.0078036802397726e-07
7.13,1.515754584676695e-06,0.1712,6.3793960343612985,2.3760158117044249e-07
7.14,1.43994825626621e-06,0.2040,6.397315674377187,2.2508632206998238e-07
7.15,1.4444022696219396e-06,0.2184,6.415260447128194,2.25150994496027e-07
7.16,1.1083543037123913e-06,0.1738,6.433230352613369,1.7228581023251328e-07
7.17,1.4243053697992736e-06,0.1525,6.451225390833663,2.2078059337734858e-07
7.18,1.8008016504030526e-06,0.1551,6.4692455617890765,2.7836347116572264e-07
7.19,1.2778319591579916e-06,0.1684,6.4872908654800865,1.9697466718465486e-07
7.2,1.6800440487408958e-06,0.1634,6.505361301905024,2.5825530216883007e-07
7.21,1.902265053550609e-06,0.1499,6.523456871065082,2.916038369147717e-07
7.22,1.2157302872266746e-06,0.1599,6.541577572960259,1.858466514640016e-07
7.23,1.1625366420068174e-06,0.1672,6.559723407591032,1.7722342388118203e-07
7.24,1.3482836825012586e-06,0.1510,6.577894374955734,2.0497192652327015e-07
7.25,1.6101796678181643e-06,0.1735,6.596090475055555,2.4411121616772586e-07
7.26,1.644108481644448e-06,0.1450,6.614311707890496,2.4856834002593506e-07
7.27,1.291242944426892e-06,0.1645,6.632558073460794,1.9468249356060834e-07
7.28,1.0856241520376565e-06,0.1816,6.650829571765974,1.6323138945648765e-07
7.29,1.6056375530993543e-06,0.2516,6.66912620280532,2.407568104535125e-07
7.3,1.4951388657158889e-06,0.2009,6.687447966580025,2.2357390639713734e-07
7.31,1.5731281501226987e-06,0.1619,6.7057948630896105,2.345923462081421e-07
7.32,1.6379120191077954e-06,0.1807,6.72416689233503,2.4358586652197374e-07
7.33,1.5884871544197094e-06,0.1797,6.7425640543141405,2.3559096237333287e-07
7.34,1.5279908851045238e-06,0.1648,6.76098634902837,2.2600117885522923e-07
7.35,1.8025832557453446e-06,0.1774,6.779433776478196,2.6588994231340617e-07
7.36,1.6673966086186918e-06,0.1575,6.79790633666314,2.4528090356672373e-07
7.37,1.653261234364464e-06,0.1525,6.8164040295817765,2.4254155522320184e-07
7.38,1.130673315692751e-06,0.1669,6.834926855236246,1.654258106400277e-07
7.39,1.9039487684894783e-06,0.1539,6.8534748136253585,2.778078011907547e-07
7.4,1.531603040990819e-06,0.1844,6.872047904750305,2.2287432541500443e-07
7.41,1.6522431741688687e-06,0.1644,6.890646128608942,2.397805870931319e-07
7.42,1.6526836809842705e-06,0.2010,6.9092694852029375,2.3919803454239245e-07
7.43,1.5438589194993322e-06,0.1730,6.927917974532051,2.228460159567078e-07
7.44,1.077528615674605e-06,0.1755,6.946591596596524,1.5511616030551432e-07
7.45,1.4547394962233693e-06,0.1769,6.965290351394924,2.0885554267411576e-07
7.46,1.6101013554954262e-06,0.1709,6.984014238928921,2.305409611739786e-07
7.47,1.142351640821071e-06,0.1800,7.002763259197561,1.631286962786704e-07
7.48,1.6664568607458346e-06,0.1662,7.021537412202273,2.3733503973785107e-07
7.49,1.477420702696393e-06,0.1689,7.040336697940199,2.098508588557482e-07
7.5,1.2636476397020524e-06,0.1714,7.059161116413721,1.7900818792248018e-07
7.51,1.3727660723972586e-06,0.1514,7.078010667622363,1.9394800839688432e-07
7.52,1.3835438058140903e-06,0.1635,7.096885351566123,1.9495084636090018e-07
7.53,1.114139626554669e-06,0.1926,7.1157851682450035,1.5657297124801393e-07
7.54,1.4316275719752864e-06,0.2143,7.134710117658051,2.0065672583278186e-07
7.55,1.4468593187478476e-06,0.1771,7.153660199806218,2.0225440939828827e-07
7.56,1.0439130511392737e-06,0.1881,7.172635414689743,1.4554107253260255e-07
7.57,1.874914474834326e-06,0.1756,7.191635762308625,2.607076521673631e-07
7.58,1.0448038538104198e-06,0.1729,7.210661242661198,1.448970931582441e-07
7.59,1.0640001619215974e-06,0.1775,7.2297118557493665,1.4717047970251545e-07
7.6,1.1644357158332164e-06,0.1829,7.248787601572416,1.6063868605842797e-07
7.61,1.4225139754166393e-06,0.1787,7.267888480131062,1.9572589470869084e-07
7.62,1.4086820614130217e-06,0.1757,7.287014491423637,1.9331401948918214e-07
7.63,1.0806317414631025e-06,0.1967,7.306165635451331,1.4790682218037992e-07
7.64,1.944632020151924e-06,0.1631,7.325341912214382,2.6546638279223745e-07
7.65,1.7867935336732742e-06,0.1713,7.344543321713029,2.432817747008027e-07
7.66,1.1586308149102544e-06,0.1738,7.363769863944891,1.5734207292153982e-07
7.67,1.4433744203860018e-06,0.1629,7.383021538912825,1.9549914798142979e-07
7.68,1.2729668061078868e-06,0.1616,7.402298346615164,1.7196912992435304e-07
7.69,1.3149617891761952e-06,0.1782,7.421600287053813,1.771803571084265e-07
7.7,1.066359320644083e-06,0.2014,7.440927360225438,1.4331000277521528e-07
7.71,1.0861821273371656e-06,0.1711,7.460279566133136,1.4559536512117108e-07
7.72,1.448357041920214e-06,0.1717,7.479656904775476,1.9363950250117664e-07
7.73,1.4280545722503604e-06,0.1709,7.499059376153651,1.9043115951201137e-07
7.74,1.611129204731364e-06,0.1902,7.518486980265278,2.1428901971371344e-07
7.75,1.5718555748782043e-06,0.1590,7.537939717112501,2.0852588822245487e-07
7.76,2.1060141392344722e-06,0.1785,7.557417586694843,2.786684889481561e-07
7.77,1.4259009833750624e-06,0.1627,7.576920589011829,1.881900392941859e-07
7.78,1.8203405749262097e-06,0.1624,7.596448724064886,2.39630469585022e-07
7.79,1.7066800275121936e-06,0.1951,7.616001991851158,2.240913315592982e-07
7.8,1.3375940504475075e-06,0.1699,7.635580392373026,1.7517909336448005e-07
7.81,1.5578866143097952e-06,0.1653,7.655183925630013,2.0350740484417334e-07
7.82,1.638636408093123e-06,0.1644,7.674812591622834,2.1350832851367837e-07
7.83,1.6668973675612364e-06,0.1755,7.694466390348869,2.1663586309922902e-07
7.84,1.0524001491160159e-06,0.1843,7.7141453218105,1.364247243489858e-07
7.85,1.3365564121712276e-06,0.1708,7.733849386007489,1.728190381609189e-07
7.86,1.6190485383682547e-06,0.1787,7.753578582939598,2.0881306883645826e-07
7.87,1.396455550025535e-06,0.1736,7.773332912605873,1.7964695012109008e-07
7.88,1.5030190431914108e-06,0.1674,7.79311237500703,1.9286505453349826e-07
7.89,1.5225971238759368e-06,0.1661,7.812916970143782,1.9488203057761619e-07
7.9,1.729282921662479e-06,0.1572,7.8327466980158915,2.2077605574817357e-07
7.91,1.0795941031868225e-06,0.1772,7.852601558621693,1.3748234838191835e-07
7.92,1.6226019600124961e-06,0.1684,7.872481551963089,2.0611060811033374e-07
7.93,1.4285636023481581e-06,0.1684,7.892386678039129,1.8100527262851825e-07
7.94,8.880871913549936e-07,0.2118,7.912316936851241,1.1224110439999814e-07
7.95,1.1446226981804758e-06,0.1687,7.932272328396567,1.4429947066780175e-07
7.96,1.331397587910855e-06,0.1740,7.952252852677964,1.674239504925324e-07
7.97,1.2848702791640788e-06,0.1728,7.972258509693768,1.6116766379336004e-07
7.98,1.559824844297563e-06,0.1780,7.992289299445643,1.9516621406656975e-07
7.99,1.3070522445796468e-06,0.1628,8.012345221930971,1.6312979637997274e-07
8.0,1.3059069268596018e-06,0.1849,8.032426277151657,1.625793853314622e-07
8.01,1.6560119547006399e-06,0.1632,8.052532465107461,2.0565107459998803e-07
8.02,1.783024753141503e-06,0.1536,8.072663785798385,2.2087192040355264e-07
8.03,1.1333163565851622e-06,0.1549,8.092820239224192,1.4003972942488168e-07
8.04,1.4614841450191886e-06,0.2463,8.11300182538488,1.8014098560243527e-07
8.05,1.334050417843608e-06,0.1581,8.133208544281876,1.6402510898131635e-07
8.06,1.3744204202151011e-06,0.2187,8.153440395911373,1.6856938341075242e-07
8.07,1.7862159802930807e-06,0.1581,8.173697380276227,2.1853218894589366e-07
8.08,1.3506819973851131e-06,0.1655,8.193979497377393,1.6483834232407092e-07
8.09,1.3131018715111654e-06,0.1676,8.214286747212011,1.5985585990857232e-07
8.1,1.6318526031359347e-06,0.1573,8.234619129782939,1.9816977293264926e-07
8.11,1.3227049200869254e-06,0.1839,8.254976645088272,1.6023121287374416e-07
8.12,1.54683478776338e-06,0.1749,8.275359293128009,1.8692055933425108e-07
8.13,1.3359690697506918e-06,0.1741,8.29576707390501,1.6104225900376205e-07
8.14,1.7183387745598288e-06,0.1513,8.316199987414034,2.066254752363351e-07
8.15,1.6416024873168288e-06,0.1631,8.336658033658416,1.9691373697817809e-07
8.16,1.3071305569023849e-06,0.1712,8.357141212639108,1.5640881536445943e-07
8.17,1.3236055117984136e-06,0.1833,8.377649524353728,1.5799246649680295e-07
8.18,1.2220442182474344e-06,0.1713,8.398182968803232,1.4551293092648347e-07
8.19,1.0974493127711102e-06,0.1659,8.418741545988567,1.3035788149287373e-07
8.2,1.1100575967319452e-06,0.1777,8.439325255908308,1.3153392754412472e-07
8.21,1.543261788038454e-06,0.1777,8.459934098564837,1.824200720783696e-07
8.22,1.5551750501349883e-06,0.2462,8.480568073952435,1.8338099954785066e-07
8.23,1.2734660471653422e-06,0.1798,8.501227182077773,1.4979790798322085e-07
8.24,1.2852618407777692e-06,0.1783,8.521911422936563,1.5081849329230425e-07
8.25,1.8086133045961785e-06,0.1819,8.542620796531663,2.1171644483277107e-07
8.26,1.3539711149401135e-06,0.1549,8.56335530286117,1.5811221969123803e-07
8.27,1.29184007588777e-06,0.1775,8.58411494192508,1.5049193593370744e-07
8.28,1.6160922481848913e-06,0.1818,8.604899713724825,1.8781070110639664e-07
8.29,1.5557526035151819e-06,0.1880,8.625709618258975,1.8036227422054083e-07
8.3,1.8972628539357125e-06,0.1453,8.64654465552991,2.194243977821031e-07
8.31,1.7628691190767833e-06,0.1756,8.667404825532394,2.033906520535112e-07
8.32,1.6515285742238834e-06,0.1639,8.688290128271664,1.9008672015334935e-07
8.33,1.5519544558623837e-06,0.1932,8.709200563745815,1.7819711975893345e-07
8.34,1.5166943325495522e-06,0.1877,8.730136131954849,1.737308914345571e-07
8.35,1.4129207158812217e-06,0.1730,8.751096832898762,1.6145641430563371e-07
8.36,1.4752475357404104e-06,0.1703,8.772082666577559,1.6817528878988328e-07
8.37,1.0673773808396784e-06,0.2005,8.793093632991235,1.2138815135948663e-07
8.38,1.341891439157761e-06,0.1913,8.814129732142174,1.52243214014009e-07
8.39,1.6038070025553512e-06,0.1795,8.83519096402371,1.8152488260705885e-07
8.4,1.6842043908863577e-06,0.1595,8.856277328642982,1.9017069231101222e-07
8.41,1.4595361259910781e-06,0.2036,8.877388825996661,1.6441052144938765e-07
8.42,1.5367716542915336e-06,0.1860,8.898525456084744,1.7269958510268698e-07
8.43,1.127912806316233e-06,0.1582,8.919687218908662,1.2645205808620664e-07
8.44,1.1380836192318443e-06,0.1807,8.940874114466984,1.2728997239658506e-07
8.45,1.4347698539251527e-06,0.1793,8.962086142760189,1.600932897843431e-07
8.46,1.1809694049712986e-06,0.1920,8.983323303790655,1.3146241819805928e-07
8.47,1.428113306492414e-06,0.1689,9.004585597552193,1.5859844864827898e-07
8.48,1.300816625881625e-06,0.1812,9.025873024050517,1.4412086480891586e-07
8.49,1.2199591526545324e-06,0.1837,9.047185583283246,1.3484405082931946e-07
8.5,1.6334286386310391e-06,0.1510,9.06852327525181,1.8012068658286407e-07
8.51,1.2598592810895966e-06,0.1926,9.089886099954779,1.3860011745316195e-07
8.52,1.6238647462166482e-06,0.1720,9.111274057393103,1.7822587005809643e-07
8.53,1.0938861020865267e-06,0.1733,9.132687147565834,1.1977702557982443e-07
8.54,1.247065005362259e-06,0.2035,9.154125370473446,1.3622983681047854e-07
8.55,1.5023827555691636e-06,0.1796,9.175588726118322,1.637369329002977e-07
8.56,1.5767794621703628e-06,0.1783,9.197077214494744,1.71443538571725e-07
8.57,2.0093963110563358e-06,0.1600,9.218590835607001,2.1797217675558395e-07
8.58,1.93609597697347e-06,0.1536,9.24012958945509,2.095312580012902e-07
8.59,1.536889122775641e-06,0.1828,9.261693476037587,1.659404002898577e-07
8.6,1.3691245493899369e-06,0.1788,9.283282495354964,1.474828057936403e-07
8.61,1.715000711803117e-06,0.1785,9.304896647407698,1.8431163470052175e-07
8.62,1.6083589063145033e-06,0.1897,9.326535932195313,1.724497624849575e-07
8.63,1.3275407060160033e-06,0.2080,9.348200349719239,1.4201029677930194e-07
8.64,1.6647437786859386e-06,0.1855,9.369889899974712,1.7766951335153163e-07
8.65,1.619361787659207e-06,0.1571,9.391604582967448,1.7242652981750008e-07
8.66,1.0657132439814936e-06,0.1771,9.413344398694589,1.1321303023070983e-07
8.67,1.4590564630143073e-06,0.1810,9.435109347156612,1.5464118213468423e-07
8.68,1.3920211147504902e-06,0.1712,9.456899428353992,1.4719635386804323e-07
8.69,1.3480976907347557e-06,0.1553,9.478714642286253,1.4222368133340034e-07
8.7,1.8716351463196681e-06,0.1814,9.50055498895292,1.970027170513694e-07
8.71,1.5381910651411619e-06,0.2098,9.522420468356849,1.6153362165140624e-07
8.72,1.4874153128858436e-06,0.1713,9.54431108049185,1.558431300427806e-07
8.73,1.5596388525310602e-06,0.2584,9.566226825364113,1.630359472969842e-07
8.74,1.1689093072696306e-06,0.1827,9.58816770297078,1.219116460496887e-07
8.75,1.2263220288770034e-06,0.1682,9.610133713312331,1.276071764931069e-07
8.76,1.561831597567727e-06,0.1721,9.632124856389238,1.6214818857250628e-07
8.77,1.2273596671532833e-06,0.1856,9.65414113220055,1.271329733371653e-07
8.78,1.1128376841891478e-06,0.1834,9.676182540747696,1.1500792585328355e-07
8.79,1.4457433681488296e-06,0.1700,9.698249082028772,1.4907261670849924e-07
8.8,1.309783386835138e-06,0.1784,9.720340756047586,1.3474665340515417e-07
8.81,1.0153290533398657e-06,0.1688,9.742457562796519,1.0421693364281088e-07
8.82,1.548322721895404e-06,0.1735,9.764599502283666,1.5856489777520264e-07
8.83,1.400655048332366e-06,0.1898,9.786766574504266,1.4311724282678256e-07
8.84,1.3468153264499194e-06,0.1644,9.808958779461177,1.3730461680295717e-07
8.85,1.4717528483382225e-06,0.1948,9.831176117152015,1.49702622636423e-07
8.86,1.1288623432294324e-06,0.1882,9.853418587578213,1.1456555237108685e-07
8.87,1.3895836437052664e-06,0.1794,9.875686190739291,1.407075535681073e-07
8.88,1.1657670253197643e-06,0.1720,9.897978926637633,1.1777828928110055e-07
8.89,1.634290074181158e-06,0.1886,9.920296795266092,1.647420543870252e-07
8.9,1.3644258100256505e-06,0.1934,9.94263979663229,1.3722973354498878e-07
8.91,1.5963085976531776e-06,0.1601,9.965007930733371,1.60191402630996e-07
8.92,1.7923732866683641e-06,0.1579,9.987401197569332,1.7946343109802982e-07
8.93,1.617159253582198e-06,0.1862,10.009819597139698,1.6155728261519324e-07
8.94,1.3905821258201775e-06,0.1565,10.032263129445422,1.3861101008592147e-07
8.95,1.2097883397389213e-06,0.1835,10.054731794486027,1.2032029938405359e-07
8.96,1.3987363964252825e-06,0.1835,10.077225592263895,1.3880173502308686e-07
8.97,1.1793835804358523e-06,0.1605,10.099744522772358,1.1677360529037558e-07
8.98,2.0265271316552963e-06,0.1527,10.122288586018085,2.0020444136067586e-07
8.99,1.2259794124650243e-06,0.1808,10.144857781998216,1.2084737300511915e-07
9.0,1.680210462426714e-06,0.1893,10.167452110713704,1.6525383588049886e-07
9.01,1.3956724267981542e-06,0.1960,10.190071572164074,1.369639473986299e-07
9.02,1.1381815096352668e-06,0.1839,10.212716166349326,1.1144748283375874e-07
9.03,1.3533446163582086e-06,0.1808,10.235385893269457,1.3222213900583225e-07
9.04,1.4186375154411033e-06,0.1724,10.258080752924947,1.3829463323698238e-07
9.05,1.4308640268285897e-06,0.1524,10.280800745316272,1.3917826658399765e-07
9.06,1.7674895461183316e-06,0.1627,10.303545870440095,1.7154187192868165e-07
9.07,1.789984760824852e-06,0.1697,10.326316128299753,1.7334204556446948e-07
9.08,1.7145797830683997e-06,0.1823,10.349111518895246,1.65674104481138e-07
9.09,1.6158573112166769e-06,0.1705,10.371932042224666,1.557913515667514e-07
9.1,1.621662212139639e-06,0.2030,10.394777698289444,1.5600739709965114e-07
9.11,1.4388029385461651e-06,0.1981,10.417648487089103,1.38112064380874e-07
9.12,1.2824523861995397e-06,0.1927,10.44054440862412,1.228338615312249e-07
9.13,1.4350635251354206e-06,0.1672,10.463465462895924,1.3714992706997906e-07
9.14,1.1805288981558968e-06,0.1751,10.486411649898324,1.1257701276368864e-07
9.15,1.261366793302305e-06,0.1799,10.509382969637985,1.2002291637353428e-07
9.16,9.260050391207496e-07,0.1602,10.53237942211205,8.791983292746383e-08
9.17,1.0812288729239804e-06,0.1625,10.55540100732195,1.0243370878794334e-07
9.18,1.3504470604168989e-06,0.2017,10.578447725266257,1.2766022912713393e-07
9.19,1.094835638999726e-06,0.1937,10.60151957594592,1.0327157641474613e-07
9.2,1.611726336192242e-06,0.1627,10.624616559359511,1.516973650001918e-07
9.21,1.5006598844689253e-06,0.1553,10.647738675511318,1.409369566817305e-07
9.22,1.339473546193222e-06,0.2018,10.670885924393245,1.2552599246996313e-07
9.23,1.2277708068476584e-06,0.1788,10.694058306012431,1.1480868831221716e-07
9.24,1.3991866922810266e-06,0.1639,10.717255820366502,1.3055456692767256e-07
9.25,1.2437758878072585e-06,0.1710,10.740478467455453,1.1580265176975153e-07
9.26,1.7694865103481531e-06,0.1973,10.763726247279285,1.643934888064829e-07
9.27,1.063461764702773e-06,0.2011,10.786999159838475,9.858735955613974e-08
9.28,1.1319458909372455e-06,0.1869,10.810297205132072,1.0470996952792994e-07
9.29,1.1869211414993947e-06,0.1807,10.833620383161023,1.0955904854708192e-07
9.3,1.1297825130216052e-06,0.1862,10.856968693926762,1.0406058494518733e-07
9.31,1.5769262977754967e-06,0.1683,10.880342137423098,1.4493352119430468e-07
9.32,1.0438249497761933e-06,0.1962,10.90374071365717,9.573090347505973e-08
9.33,8.324208345446806e-07,0.1832,10.927164422625648,7.617903440906231e-08
9.34,1.1353328988956684e-06,0.1961,10.950613264329007,1.0367756320953733e-07
9.35,1.130144707514269e-06,0.1931,10.974087238767725,1.029830256426112e-07
9.36,1.793450081106013e-06,0.1637,10.997586345940848,1.630766992584665e-07
9.37,1.3589145803129562e-06,0.1770,11.021110585849327,1.2330105661563267e-07
9.38,1.525289109970059e-06,0.1917,11.044659958494593,1.3810195295301412e-07
9.39,1.4397916316207337e-06,0.1788,11.068234463870931,1.30083224774513e-07
9.4,1.0682094492687706e-06,0.1863,11.091834101983578,9.630593456836325e-08
9.41,1.4232285753616246e-06,0.1752,11.11545887283206,1.2804046973177332e-07
9.42,1.1202969329299524e-06,0.1710,11.139108776415423,1.0057330037946404e-07
9.43,1.0972045867625539e-06,0.1919,11.16278381273319,9.829130485452848e-08
9.44,1.1229399738223635e-06,0.2158,11.186483981786315,1.0038363936789426e-07
9.45,1.6101209335761108e-06,0.1529,11.210209283573846,1.4362987281026032e-07
9.46,1.491712701596097e-06,0.1695,11.233959718099117,1.3278601125770352e-07
9.47,1.1967297599223422e-06,0.1688,11.257735285354505,1.0630288682300078e-07
9.48,1.642463922866948e-06,0.1692,11.281535985347633,1.4558867914796058e-07
9.49,1.3634566950317666e-06,0.1689,11.305361818075164,1.2060265889516722e-07
9.5,1.67232049591085e-06,0.1670,11.329212783537578,1.4761135904701964e-07
9.51,1.6995731842237104e-06,0.1789,11.35308888173535,1.4970138980924867e-07
9.52,1.435034158014394e-06,0.1775,11.376990112668002,1.2613478115064178e-07
9.53,1.563016071449141e-06,0.1632,11.400916476335059,1.370956514499077e-07
9.54,1.3868818685708018e-06,0.2024,11.424867972737951,1.2139150070531956e-07
9.55,1.1140417361512462e-06,0.2161,11.448844601877154,9.730604046879873e-08
9.56,2.058302356606282e-06,0.1611,11.47284636374695,1.7940642551532044e-07
9.57,1.5241340032096721e-06,0.1777,11.496873258354961,1.3256943596399654e-07
9.58,1.7373197237834768e-06,0.1888,11.520925285696903,1.5079689180350292e-07
9.59,1.514971461449314e-06,0.1668,11.545002445773726,1.3122313906515445e-07
9.6,1.5727659556300348e-06,0.1806,11.569104738585905,1.3594534678076347e-07
9.61,1.263442069854865e-06,0.2159,11.593232164132965,1.0898100305139151e-07
9.62,1.0213591021906997e-06,0.1724,11.617384722415384,8.791643959419017e-08
9.63,9.767876437043076e-07,0.1933,11.641562413433636,8.390520181184234e-08
9.64,1.2439520905334191e-06,0.1714,11.665765237183914,1.0663270391970497e-07
9.65,1.4843513432587151e-06,0.1711,11.6899931936705,1.2697623674087436e-07
9.66,1.0740045611513903e-06,0.1981,11.714246282892445,9.168362481159996e-08
9.67,9.709357553877027e-07,0.2006,11.738524504848794,8.271361149236784e-08
9.68,1.0544656366282332e-06,0.1975,11.7628278595405,8.96438891412481e-08
9.69,1.149194180020313e-06,0.1780,11.787156346967565,9.749545574798128e-08
9.7,1.2284756177523011e-06,0.1901,11.811509967128558,1.0400665293185629e-07
9.71,1.1577889574408197e-06,0.1457,11.83588872002729,9.782019625461216e-08
9.72,1.8651058564113787e-06,0.1747,11.860292605656618,1.572563104827481e-07
9.73,1.1435948489445384e-06,0.1704,11.884721624023207,9.622394912750254e-08
9.74,1.5423122511252547e-06,0.1576,11.909175775124202,1.295062127092645e-07
9.75,1.1285882500998491e-06,0.1939,11.933655058960555,9.45718846844356e-08
9.76,1.1629575707415347e-06,0.2008,11.958159475531788,9.72522212236024e-08
9.77,1.2989664972569374e-06,0.2107,11.982689024837905,1.0840358909126485e-07
9.78,1.2280742670982686e-06,0.1870,12.007243706878901,1.0227778306812493e-07
9.79,1.4128130364374566e-06,0.2100,12.031823521654779,1.174230185386851e-07
9.8,1.476608212347985e-06,0.1762,12.056428469168395,1.2247476241609017e-07
9.81,1.3860889563030787e-06,0.1763,12.081058549411656,1.1473240946842202e-07
9.82,1.427888158564542e-06,0.1767,12.105713762392654,1.1795158770401362e-07
9.83,1.3625561033202784e-06,0.1836,12.130394108108533,1.1232579017440835e-07
9.84,1.5770241881789194e-06,0.1726,12.155099586559295,1.2974177438436952e-07
9.85,1.835689790182878e-06,0.1626,12.179830197745414,1.507155486061439e-07
9.86,1.3665108756185525e-06,0.1611,12.20458594166546,1.1196700012192925e-07
9.87,9.562825408993692e-07,0.1724,12.229366818321342,7.819558895450917e-08
9.88,1.2738576087790327e-06,0.2091,12.25417282771401,1.0395296579285051e-07
9.89,1.0265668716527836e-06,0.1941,12.279003969836797,8.360343185607976e-08
9.9,1.550887450465077e-06,0.1717,12.303860244697798,1.2604885130529776e-07
9.91,1.313199761914588e-06,0.1618,12.328741652293205,1.0651531185831332e-07
9.92,8.938392314601075e-07,0.1968,12.353648192623016,7.23542728045197e-08
9.93,1.262100971327975e-06,0.1698,12.378579865688662,1.019584625233389e-07
9.94,1.4583027069079532e-06,0.1832,12.403536671488713,1.1757152379450521e-07
9.95,1.4638237256609894e-06,0.1628,12.428518610024122,1.177794209907168e-07
9.96,1.0556011653079359e-06,0.1901,12.453525681296316,8.476323832481598e-08
9.97,1.1305754252893286e-06,0.1818,12.478557885299107,9.060144895599279e-08
9.98,1.2806218356555366e-06,0.2055,12.503615222038682,1.0242012513295609e-07
9.99,1.0496396397394976e-06,0.1774,12.528697691514093,8.377883045661139e-08
10.0,1.4245598848481725e-06,0.1870,12.553805293723908,1.1347634056108552e-07
10.1,1.4291803118897206e-05,0.0674,126.92450026047139,1.126008224540409e-07
10.2,1.1351566961695076e-05,0.0681,129.46290648989765,8.76820030498919e-08
10.3,1.2602410536629449e-05,0.0692,132.026445454271,9.54536834894525e-08
10.4,1.4364046236623107e-05,0.0703,134.61511715358378,1.0670455547897356e-07
10.5,1.3740973818838064e-05,0.0754,137.22892158784558,1.0013176274974901e-07
10.6,1.3326701631553491e-05,0.0706,139.8678587570506,9.528065811532777e-08
10.7,1.2246089468171074e-05,0.0720,142.53192866120082,8.591821904887077e-08
10.8,1.4292586242124588e-05,0.0777,145.22113130029908,9.841946632800506e-08
10.9,1.2581461990297005e-05,0.0731,147.9354666743368,8.504696184853137e-08
11.0,1.1605005216156266e-05,0.0759,150.67493478332062,7.702014427844248e-08
11.1,1.2971946809549879e-05,0.0750,153.4395356272506,8.454109794142315e-08
11.2,1.3003173848241698e-05,0.0652,156.22926920612477,8.323135552202869e-08
11.3,1.3154022959915971e-05,0.0869,159.04413551994793,8.270674625576585e-08
11.4,1.2180307117071066e-05,0.0780,161.88413456870768,7.524089466532275e-08
11.5,1.2277512287669738e-05,0.0775,164.74926635241738,7.452240947408376e-08
11.6,1.3324156481064504e-05,0.0865,167.63953087107035,7.94809936047361e-08
11.7,1.1456113912550445e-05,0.0704,170.5549281246704,6.716964463305557e-08
11.8,1.212685895680231e-05,0.0792,173.49545811321562,6.989727044548248e-08
11.9,1.306729206248352e-05,0.0794,176.4611208367003,7.405196113752548e-08
12.0,1.2118146710897696e-05,0.0889,179.45191629513394,6.752865592679265e-08
12.1,1.1463064131193452e-05,0.0886,182.46784448851182,6.282237927085924e-08
12.2,1.2598788591702811e-05,0.0700,185.50890541683393,6.791473737281584e-08
12.3,1.0416713609008956e-05,0.0880,188.57509908010502,5.5239072708025085e-08
12.4,1.3246039939133245e-05,0.0955,191.66642547831364,6.910986056153056e-08
12.5,1.3087849047202274e-05,0.0928,194.7828846114703,6.71919869823694e-08
12.6,1.0334877231747637e-05,0.0763,197.92447647957215,5.221626660618856e-08
12.7,1.1628009460960586e-05,0.0859,201.0912010826201,5.782455621309415e-08
12.8,1.1639952090178145e-05,0.0805,204.2830584206142,5.6979527231336764e-08
12.9,1.1696630633759849e-05,0.0748,207.50004849354679,5.6369291085363825e-08
13.0,1.1721886357842887e-05,0.0761,210.74217130142742,5.562193027363713e-08
13.1,1.2402126771226747e-05,0.0792,214.00942684425416,5.7951310622650386e-08
13.2,1.128881921310117e-05,0.0688,217.30181512202512,5.194995360145506e-08
13.3,1.1448184789873214e-05,0.0752,220.6193361347422,5.189112156008524e-08
13.4,1.0330765834803886e-05,0.0763,223.96198988240164,4.6127317587365526e-08
13.5,1.2116188902829242e-05,0.0756,227.32977636500524,5.329785255836986e-08
13.6,1.18897683997127e-05,0.0851,230.72269558255502,5.153272143293945e-08
13.7,1.2375794252706059e-05,0.0846,234.1407475350509,5.285621739485307e-08
13.8,1.1169784482539251e-05,0.0811,237.5839322224948,4.701405679269113e-08
13.9,1.2650376834306537e-05,0.0826,241.0522496448734,5.247981237654291e-08
14.0,1.1422341723369638e-05,0.0830,244.54569980220387,4.6708413734563244e-08
14.1,1.0310110959681711e-05,0.0736,248.06428269447662,4.1562254943328345e-08
14.2,1.1238405655338515e-05,0.0792,251.6079983216974,4.466632909248566e-08
14.3,9.439052782906117e-06,0.0789,255.17684668386434,3.6990239927998056e-08
14.4,1.0110806098313235e-05,0.0775,258.77082778096974,3.9072434033682034e-08
14.5,9.354318849703488e-06,0.0732,262.3899416130213,3.565044754459168e-08
14.6,1.0718509722760926e-05,0.0704,266.03418818002086,4.028997098488669e-08
14.7,1.0549550886453466e-05,0.0748,269.70356748196275,3.91153553694057e-08
14.8,1.2732800553988392e-05,0.0821,273.3980795188546,4.6572384767283225e-08
14.9,1.0992994413957981e-05,0.0861,277.11772429068304,3.9669041170484154e-08
15.0,1.1772887258026076e-05,0.0837,280.8625017974614,4.1916906609754085e-08
15.1,9.377655921879443e-06,0.0733,284.6324120391821,3.294654974356374e-08
15.2,1.0772349444643372e-05,0.0996,288.4274550158508,3.734855769556115e-08
15.3,1.0419356649901365e-05,0.0732,292.24763072746754,3.565249314071541e-08
15.4,1.0575687624167307e-05,0.0817,296.09293917401703,3.57174597059603e-08
15.5,1.0338401286270851e-05,0.0859,299.9633803555203,3.446554467421206e-08
15.6,9.63466717606556e-06,0.0783,303.85895427196596,3.170769543109185e-08
15.7,1.0295035837554624e-05,0.0852,307.77966092335765,3.344937026270317e-08
15.8,1.083147524831064e-05,0.0862,311.7255003096974,3.474683732177713e-08
15.9,1.1981687488526549e-05,0.0893,315.69647243097376,3.795318774474528e-08
16.0,1.2545731993047747e-05,0.0918,319.69257728720004,3.924311317925009e-08
16.1,8.655900188404047e-06,0.0838,323.71381487837436,2.6739359862217304e-08
16.2,1.0950999430889671e-05,0.0904,327.7601852044795,3.341162204938858e-08
16.3,1.0051092952225431e-05,0.0864,331.83168826554993,3.0289732137281584e-08
16.4,9.596137513278412e-06,0.0831,335.92832406154355,2.856602681564999e-08
16.5,9.699176951921074e-06,0.0816,340.0500925925062,2.8522788739669402e-08
16.6,1.0338694957481119e-05,0.0862,344.1969938583997,3.0037144838442107e-08
16.7,8.757441903874342e-06,0.0876,348.3690278592279,2.5138405551406044e-08
16.8,1.0616703703201389e-05,0.0823,352.5661945950213,3.011265364053514e-08
16.9,9.443741733230062e-06,0.0836,356.7884940657379,2.6468739576254563e-08
17.0,1.0439032620989316e-05,0.0860,361.03592627142734,2.8914110373440328e-08
17.1,1.0164743710599105e-05,0.0850,365.30849121204386,2.7825095652372788e-08
17.2,9.24367332671489e-06,0.0888,369.60618888759507,2.500951987447938e-08
17.3,8.533106466350699e-06,0.0732,373.9290192981153,2.282012367579225e-08
17.4,1.0292294906258792e-05,0.0848,378.2769824435549,2.7208356267869324e-08
17.5,1.0796626264692184e-05,0.0966,382.65007832396736,2.8215403252972326e-08
17.6,9.74626223596736e-06,0.0752,387.04830693931075,2.518099694851675e-08
17.7,8.708281343275498e-06,0.0817,391.47166828958115,2.2244984883130212e-08
17.8,8.953310812082682e-06,0.0769,395.9201623748281,2.261392993571857e-08
17.9,7.982384845735323e-06,0.1050,400.3937891949908,1.9936335330735914e-08
18.0,8.674372107529897e-06,0.0919,404.89254875013006,2.142388674305558e-08
18.1,8.623615933355263e-06,0.0819,409.4164410401926,2.1063189136824817e-08
18.2,9.632249283101021e-06,0.0909,413.96546606519365,2.3268243543735795e-08
18.3,8.09046564015425e-06,0.0820,418.53962382516363,1.9330226290674633e-08
18.4,7.721595021977092e-06,0.0817,423.1389143200455,1.8248368941403446e-08
18.5,8.706127754400198e-06,0.0970,427.76333754991157,2.0352673990870863e-08
18.6,8.049772599451462e-06,0.0997,432.41289351470095,1.8615940274171747e-08
18.7,7.649440005614271e-06,0.0839,437.08758221442116,1.7500931888432606e-08
18.8,7.98643750843702e-06,0.0757,441.7874036491142,1.8077558215716306e-08
18.9,9.835734064695644e-06,0.0911,446.5123578187267,2.202791007340656e-08
19.0,7.361534540107973e-06,0.0889,451.26244472331194,1.6313200059494518e-08
19.1,8.87310920455852e-06,0.0870,456.03766436282814,1.9456965724434082e-08
19.2,9.331060089850272e-06,0.0825,460.83801673726754,2.024802588101165e-08
19.3,7.233777774601099e-06,0.0894,465.6635018466912,1.5534345607748856e-08
19.4,9.610674238186674e-06,0.0819,470.51411969102287,2.042589974663844e-08
19.5,8.836586295041538e-06,0.0818,475.389870270335,1.8588082850853616e-08
19.6,8.474205810611303e-06,0.0901,480.29075358457413,1.7643907877395944e-08
19.7,9.333879333468843e-06,0.0950,485.2167696337404,1.9236514311973186e-08
19.8,8.356179351204638e-06,0.1046,490.16791841788324,1.7047585199324973e-08
19.9,9.51848105624324e-06,0.1096,495.14419993694173,1.9223654558521438e-08
20.0,7.053434284375586e-06,0.0911,500.14561419097686,1.4102761444354653e-08
20.1,8.215921981180692e-06,0.0851,505.17216117993905,1.6263607958899844e-08
20.2,8.2588665011622e-06,0.0980,510.22384090383207,1.6186751458991204e-08
20.3,7.005859548312188e-06,0.0835,515.3006533627017,1.3595673715129201e-08
20.4,8.637800252811204e-06,0.0793,520.4025985564795,1.6598303461149494e-08
20.5,8.356110827922243e-06,0.0963,525.5296764852376,1.5900359583512443e-08
20.6,7.674764252979706e-06,0.0931,530.6818871489304,1.446208065289755e-08
20.7,8.585742136271048e-06,0.1041,535.859230547535,1.6022383579169163e-08
20.8,7.988923924683954e-06,0.0960,541.0617066811353,1.4765273213822317e-08
20.9,7.2546773757318305e-06,0.0939,546.2893155496398,1.3279918111582794e-08
21.0,6.655646841027385e-06,0.0942,551.5420571531247,1.2067342380709104e-08
21.1,8.048519602287652e-06,0.0888,556.8199314915367,1.4454438763943534e-08
21.2,7.75311573187918e-06,0.0833,562.1229385648682,1.3792562444922327e-08
21.3,9.088507248249679e-06,0.1146,567.4510783731953,1.6016371445279806e-08
21.4,8.170559568234645e-06,0.1254,572.8043509164114,1.426413670769579e-08
21.5,7.352528622993091e-06,0.0857,578.1827561946308,1.2716616924697849e-08
21.6,7.747721970650594e-06,0.0931,583.586294207762,1.3276051969603547e-08
21.7,7.594552856415202e-06,0.0998,589.0149649558202,1.2893650090850986e-08
21.8,7.046826682144559e-06,0.1119,594.4687684388741,1.1853989740537807e-08
21.9,6.612056244383288e-06,0.1156,599.9477046568094,1.102105432366911e-08
22.0,7.066590754595587e-06,0.1137,605.4517736097556,1.1671599725381867e-08
22.1,6.244340732966518e-06,0.0945,610.9809752976137,1.0220188492652903e-08
22.2,7.110553334772691e-06,0.0966,616.5353097203911,1.1533083706101835e-08
22.3,6.9619361242964534e-06,0.1033,622.1147768781642,1.119075833438994e-08
22.4,6.881166752432441e-06,0.0949,627.719376770834,1.096217036955448e-08
22.5,7.433043479808205e-06,0.1310,633.3491093984993,1.1736092100717521e-08
22.6,7.617792038187735e-06,0.0958,639.0039747610841,1.1921353135613806e-08
22.7,5.841962229697795e-06,0.1118,644.6839728585808,9.061745716733212e-09
22.8,6.230185780631606e-06,0.1092,650.3891036910808,9.57916690989152e-09
22.9,6.6599148626166115e-06,0.1048,656.1193672584773,1.0150462240497998e-08
23.0,6.530425436969156e-06,0.1325,661.8747635608619,9.866557537011544e-09
23.1,6.422285908308176e-06,0.0972,667.6552925981658,9.619164229667067e-09
23.2,7.2169504142527474e-06,0.0843,673.460954370397,1.0716212079436301e-08
23.3,7.403500156055255e-06,0.1193,679.2917488776237,1.0898851882549534e-08
23.4,6.675342390196018e-06,0.1192,685.1476761197395,9.74292495305699e-09
23.5,6.156924602710109e-06,0.0936,691.0287360968432,8.90979532556987e-09
23.6,7.050135377780243e-06,0.0853,696.9349288088818,1.011591625896767e-08
23.7,6.817909973740737e-06,0.1054,702.8662542558244,9.700152671235232e-09
23.8,6.778773390452369e-06,0.1056,708.8227124377779,9.563425764305523e-09
23.9,6.907469903832102e-06,0.1081,714.8043033546205,9.663441967843396e-09
24.0,7.167408081080555e-06,0.1288,720.8110270064511,9.943532788124796e-09
24.1,6.099502092062394e-06,0.0957,726.8428833932088,8.391775212254055e-09
24.2,6.6157662906730055e-06,0.0992,732.8998725148858,9.026835095456554e-09
24.3,5.507411986960614e-06,0.0948,738.981994371551,7.452701187454854e-09
24.4,6.077848734825309e-06,0.1381,745.0892489631204,8.15720900990499e-09
24.5,7.10583501732772e-06,0.1065,751.2216362896778,9.45903934879166e-09
24.6,6.8111849030256025e-06,0.0956,757.3791563511622,8.993097903353926e-09
24.7,6.444076312110054e-06,0.1281,763.561809147551,8.439495316435866e-09
24.8,5.490056018433781e-06,0.0983,769.7695946789581,7.132076996004859e-09
24.9,6.287892173449247e-06,0.1113,776.0025129452391,8.102927591798883e-09
25.0,5.7758470512261505e-06,0.1060,782.2605639465233,7.383533463692537e-09
25.1,7.036469877462444e-06,0.1226,788.543747682727,8.92337286059313e-09
25.2,6.011988071402562e-06,0.1042,794.8520641538502,7.56365661301081e-09
25.3,4.857468653436058e-06,0.0986,801.1855133599765,6.062851327734347e-09
25.4,5.389904346692089e-06,0.1178,807.5440953009843,6.674439672155843e-09
25.5,5.991617078450313e-06,0.1122,813.9278099769878,7.3613617878712286e-09
25.6,5.520304153091374e-06,0.1124,820.3366573879258,6.729315462591719e-09
25.7,6.034698644996613e-06,0.1074,826.770637533753,7.299120664224418e-09
25.8,5.810451308836051e-06,0.1107,833.2297504146213,6.973408361793044e-09
25.9,5.542398017143862e-06,0.1037,839.7139960303331,6.600340167420115e-09
26.0,5.810216371867837e-06,0.1109,846.2233743810862,6.86605516671923e-09
26.1,5.788641326953489e-06,0.1176,852.7578854667282,6.788141658502837e-09
26.2,5.435687688372853e-06,0.1267,859.317529287305,6.32558687925413e-09
26.3,4.432761349146634e-06,0.1097,865.9023058428622,5.119239571526282e-09
26.4,4.744982790863114e-06,0.1084,872.5122151333388,5.4382995545087895e-09
26.5,6.327018967697272e-06,0.1063,879.1472571587806,7.196768136597354e-09
26.6,4.912786520410187e-06,0.1092,885.8074319191571,5.546111201354823e-09
26.7,6.568074086125499e-06,0.1160,892.4927394144531,7.359246519399903e-09
26.8,5.5000114724618625e-06,0.1359,899.20317964476,6.116539172642497e-09
26.9,5.189062605989877e-06,0.1220,905.9387526099252,5.727829382550057e-09
27.0,5.324826806496723e-06,0.1230,912.6994583101168,5.834151382488774e-09
27.1,4.773703835227314e-06,0.1149,919.4852967452125,5.191713072656231e-09
27.2,4.660503372709384e-06,0.0989,926.2962679152276,5.031331264238562e-09
27.3,5.323221403880592e-06,0.1186,933.1323718202536,5.704679812465008e-09
27.4,5.688881216825486e-06,0.1382,939.9936084601535,6.0520424454212e-09
27.5,4.458398845803021e-06,0.1112,946.8799778350641,4.7085152819438156e-09
27.6,4.847366363802844e-06,0.1542,953.7914799448943,5.082207658305883e-09
27.7,5.966449455730355e-06,0.1369,960.7281147896134,6.210341265007038e-09
27.8,5.070478171283702e-06,0.1644,967.6898823693739,5.239775948539128e-09
27.9,5.757149984172429e-06,0.1267,974.6767826839929,5.9067273238199176e-09
28.0,4.256490099703503e-06,0.1382,981.688815733638,4.335885294284964e-09
28.1,4.77654265692657e-06,0.1403,988.7259815181873,4.831007525049757e-09
28.2,4.168848821519222e-06,0.1300,995.7882800376257,4.186481107572086e-09
28.3,4.859054477971506e-06,0.1770,1002.8757112921205,4.8451213079146414e-09
28.4,5.467560803727261e-06,0.1162,1009.9882752814588,5.413489381551075e-09
28.5,4.736348857281237e-06,0.1030,1017.1259720058231,4.6566000550953604e-09
28.6,5.060669552860755e-06,0.1879,1024.2888014650916,4.9406666807469004e-09
28.7,4.620495564830555e-06,0.0971,1031.4767636592796,4.479495542331781e-09
28.8,5.658926753378161e-06,0.1109,1038.6898585884785,5.448139024933128e-09
28.9,3.7621141952981927e-06,0.1390,1045.9280862525359,3.5969147829058705e-09
29.0,4.886551892292922e-06,0.1355,1053.1914466516346,4.639756530333135e-09
29.1,5.134341870476627e-06,0.1257,1060.4799397856223,4.841526631342543e-09
29.2,3.999478845517387e-06,0.1124,1067.7935656545446,3.745554360093708e-09
29.3,4.115645387259022e-06,0.1321,1075.1323242584476,3.828036135084778e-09
29.4,3.6427564264049794e-06,0.1153,1082.4962155972546,3.3651447219103035e-09
29.5,4.2999044936214395e-06,0.1037,1089.8852396710574,3.945281885750844e-09
29.6,4.334998203248453e-06,0.1394,1097.2993964797795,3.950606568412832e-09
29.7,4.8561569220301954e-06,0.1291,1104.7386860234058,4.395751668216053e-09
29.8,4.7187285846651646e-06,0.1289,1112.2031083020584,4.242686025099317e-09
29.9,4.43862498431165e-06,0.1126,1119.6926633155847,3.964145814055965e-09
30.0,4.677369889219103e-06,0.1334,1127.2073510641064,4.149520391970095e-09
30.1,4.962191807017589e-06,0.1897,1134.747171547563,4.37294926256584e-09
30.2,4.235776490339275e-06,0.1514,1142.3121247658935,3.70807277494963e-09
30.3,3.6413859607570623e-06,0.1081,1149.9022107192804,3.1666918515439005e-09
30.4,4.050509112821604e-06,0.1181,1157.517429407526,3.49930723280327e-09
30.5,3.827916124478884e-06,0.1211,1165.1577808307823,3.28531996906848e-09
30.6,4.179411196048524e-06,0.1168,1172.823264988958,3.5635473142561445e-09
30.7,3.748194179931494e-06,0.1218,1180.5138818820228,3.175053031952468e-09
30.8,3.3907865279951283e-06,0.1405,1188.2296315101137,2.853645825753225e-09
30.9,3.434210710953407e-06,0.1669,1195.9705138730935,2.8714844313610035e-09
31.0,3.283674848570086e-06,0.1079,1203.7365289710692,2.727901637559266e-09
31.1,4.49425610057673e-06,0.1326,1211.5276768039641,3.7095777394311568e-09
31.2,4.486973054562087e-06,0.1355,1219.3439573717633,3.679825554910314e-09
31.3,3.6807672700539865e-06,0.1479,1227.1853706745887,2.999357194121907e-09
31.4,4.177884105755131e-06,0.1512,1235.0519167122725,3.3827599060586244e-09
31.5,5.116809699223633e-06,0.1158,1242.9435954849826,4.116686966174931e-09
31.6,3.6760391635686737e-06,0.1519,1250.8604069925966,2.9388084737663545e-09
31.7,3.6573225184342664e-06,0.1526,1258.8023512351303,2.9053985439777106e-09
31.8,3.2642436034906937e-06,0.1442,1266.7694282126597,2.5768253723144848e-09
31.9,2.8503336106987855e-06,0.1252,1274.7616379250778,2.2359737898437677e-09
32.0,3.7593536859216743e-06,0.1248,1282.7789803725223,2.930632434302867e-09
32.1,3.6788192510258763e-06,0.1384,1290.821455554871,2.8499830361469344e-09
32.2,3.1621634908015747e-06,0.1185,1298.8890634721238,2.4345139086386956e-09
32.3,4.0072317654684595e-06,0.1224,1306.981804124296,3.0660195519350666e-09
32.4,3.2943644806238373e-06,0.1341,1315.0996775115402,2.505030255088728e-09
32.5,3.6477782041005603e-06,0.1601,1323.2426836336733,2.7566962955605596e-09
32.6,3.7964443597785095e-06,0.1355,1331.4108224907259,2.8514447198771767e-09
32.7,3.1432804319813494e-06,0.1176,1339.6040940827588,2.3464249220092054e-09
32.8,4.395993713621094e-06,0.1400,1347.8224984095896,3.2615524067956284e-09
32.9,3.700541131545358e-06,0.1488,1356.0660354716138,2.7288797409179123e-09
33.0,3.1576898993651607e-06,0.1676,1364.3347052684355,2.314453987845951e-09
33.1,3.3517478351101833e-06,0.1462,1372.628507800238,2.441846294218138e-09
33.2,3.6866798504207134e-06,0.1206,1380.9474430669595,2.6696742652514933e-09
33.3,2.782769654256486e-06,0.1470,1389.2915110685399,2.003013501548128e-09
33.4,3.5775516286851647e-06,0.1606,1397.6607118052834,2.5596710263567706e-09
33.5,3.098955657311582e-06,0.1498,1406.0550452768243,2.2040073521456334e-09
33.6,3.5900913893636043e-06,0.1414,1414.4745114833459,2.5381096373371266e-09
33.7,3.556700972756145e-06,0.1741,1422.9191104248173,2.4995805781920238e-09
33.8,2.5938215975701243e-06,0.1635,1431.388842101086,1.8121013111732403e-09
33.9,3.309420024670238e-06,0.1352,1439.8837065125792,2.2983939673056685e-09
34.0,3.2757946710945643e-06,0.1889,1448.4037036588395,2.2616585851165105e-09
34.1,4.339373904281444e-06,0.1695,1456.9488335400802,2.9783982830321337e-09
34.2,3.634494476356109e-06,0.1460,1465.5190961562707,2.4800048569060453e-09
34.3,2.6389980187496685e-06,0.1244,1474.1144915072894,1.790225951887414e-09
34.4,3.444283633465596e-06,0.1270,1482.7350195934714,2.322925936159471e-09
34.5,3.3264529548657757e-06,0.2095,1491.3806804144813,2.2304519553929687e-09
34.6,2.8990536644822285e-06,0.1396,1500.051473970441,1.9326361226850507e-09
34.7,2.760528954598864e-06,0.1597,1508.7474002613508,1.8296826586880447e-09
34.8,2.616395124599383e-06,0.1513,1517.4684592870888,1.7241841888618714e-09
34.9,3.5336282046694306e-06,0.1507,1526.2146510479897,2.3152891385514033e-09
35.0,3.466093615348158e-06,0.1670,1534.9859755437494,2.2580620739028824e-09
35.1,4.036569519374222e-06,0.1884,1543.7824327744283,2.614726941878623e-09
35.2,3.371570641803266e-06,0.1689,1552.6040227400574,2.1715586153467967e-09
35.3,2.930251336053021e-06,0.1688,1561.4507454405143,1.8766210491169495e-09
35.4,2.592842693535898e-06,0.1857,1570.3226008761346,1.6511528854575907e-09
35.5,2.9185534328440166e-06,0.1478,1579.2195890466135,1.848098550123716e-09
35.6,3.00598914118111e-06,0.1151,1588.1417099520118,1.892771358087397e-09
35.7,3.7067278050416685e-06,0.1700,1597.0889635923904,2.320927568558229e-09
35.8,3.5805274969492127e-06,0.1493,1606.061349967536,2.2293840126478278e-09
35.9,2.997355207599234e-06,0.1488,1615.0588690779366,1.8558798474698776e-09
36.0,3.262589255672851e-06,0.1280,1624.081520923104,2.0088826907028926e-09
36.1,3.3429768549635158e-06,0.1874,1633.1293055032215,2.046976221477719e-09
36.2,3.192274578894376e-06,0.1699,1642.2022228183193,1.9438985860193567e-09
36.3,3.0550224442555054e-06,0.1580,1651.3002728682452,1.8500708165868883e-09
36.4,2.409670170651472e-06,0.1954,1660.4234556533038,1.4512383346833488e-09
36.5,2.306542630645731e-06,0.1515,1669.5717711732211,1.3815175067465984e-09
36.6,2.274366055040712e-06,0.1370,1678.7452194280881,1.354801210284631e-09
36.7,2.3906794323874818e-06,0.1354,1687.9438004178749,1.416326439183363e-09
36.8,2.2008405730299747e-06,0.1840,1697.1675141424894,1.2967727432268058e-09
36.9,2.8224152676426514e-06,0.1445,1706.4163606023283,1.6540015278840853e-09
37.0,2.3300950617092157e-06,0.1742,1715.6903397969645,1.3581093322382177e-09
37.1,2.6489926289391193e-06,0.1285,1724.989451726551,1.535657291288204e-09
37.2,3.2678851264980157e-06,0.2557,1734.3136963910567,1.884252620098761e-09
37.3,2.8645962424774625e-06,0.1938,1743.6630737904209,1.6428611040379076e-09
37.4,2.3494479944658695e-06,0.1678,1753.0375839249484,1.3402154158073402e-09
37.5,2.1848354920703743e-06,0.1945,1762.437226794304,1.2396671262126991e-09
37.6,2.4656928485302433e-06,0.1453,1771.8620023986095,1.391582891439841e-09
37.7,2.678868780063706e-06,0.1624,1781.311910737865,1.5038740626587121e-09
37.8,3.297624231057811e-06,0.1895,1790.7869518119485,1.8414386076027744e-09
37.9,2.254161475774281e-06,0.1949,1800.2871256211952,1.2521122012670478e-09
38.0,1.8395662501584143e-06,0.1609,1809.8124321653004,1.0164402771603883e-09
38.1,2.8539947117867916e-06,0.1529,1819.3628714443253,1.5686781106625037e-09
38.2,2.1697407918626044e-06,0.1398,1828.9384434582998,1.1863388839702494e-09
38.3,2.30926398386088e-06,0.1760,1838.539148207072,1.2560319893720266e-09
38.4,2.508324119220799e-06,0.1662,1848.1649856910685,1.3571970785296979e-09
38.5,1.792148138740492e-06,0.1441,1857.8159559098929,9.64653217149683e-10
38.6,1.9156368826581405e-06,0.1429,1867.4920588636369,1.0257804704260962e-09
38.7,2.61218583725221e-06,0.1702,1877.1932945523306,1.391538018398451e-09
38.8,1.456736460453191e-06,0.1557,1886.9196629758526,7.720182735049665e-10
38.9,2.5805476588660158e-06,0.1681,1896.671164134568,1.3605667169213771e-09
39.0,1.8277508784653027e-06,0.1998,1906.4477980281117,9.58720653330132e-10
39.1,2.2756092631641792e-06,0.1476,1916.2495646565749,1.1875328272139793e-09
39.2,2.704966361616179e-06,0.1800,1926.0764640200184,1.4043919917750813e-09
39.3,1.7238304261918383e-06,0.1599,1935.9284961182288,8.904411653882502e-10
39.4,1.7356457978849497e-06,0.1594,1945.8056609516943,8.919933951862617e-10
39.5,2.358062349967061e-06,0.1621,1955.7079585199267,1.2057333712297387e-09
39.6,1.6854378099694826e-06,0.1676,1965.6353888231395,8.574519056550889e-10
39.7,3.2365014631607204e-06,0.2282,1975.5879518613021,1.638247216536954e-09
39.8,1.7908168292539445e-06,0.1372,1985.565647634232,9.019177136689852e-10
39.9,1.8251469937342609e-06,0.1737,1995.5684761424163,9.146000327998802e-10
40.0,2.323673451244691e-06,0.1735,2005.5964373853985,1.1585947242078045e-09
40.1,1.4718898949030142e-06,0.1714,2015.6495313633304,7.30231060509546e-10
40.2,2.377121611513447e-06,0.1538,2025.7277580761818,1.1734654876679883e-09
40.3,2.4034737081148194e-06,0.1876,2035.8311175238612,1.1805859962677622e-09
40.4,2.3196403666236787e-06,0.2207,2045.9596097067954,1.1337664515068822e-09
40.5,2.151298239857781e-06,0.2101,2056.1132346244663,1.046293659138233e-09
40.6,2.64029996111519e-06,0.1971,2066.291992277148,1.2777961541657327e-09
40.7,2.0830882067528922e-06,0.2163,2076.495882664688,1.003174734967326e-09
40.8,1.5894954255749624e-06,0.2107,2086.7249057871477,7.617177622056406e-10
40.9,1.428974742042533e-06,0.1473,2096.9790616447094,6.814444493889009e-10
41.0,1.986470378574756e-06,0.1752,2107.258350237191,9.426800365276336e-10
41.1,2.1331493590632255e-06,0.1769,2117.562771564531,1.0073606259554603e-09
41.2,1.661190357041697e-06,0.1664,2127.892325626912,7.806740674964758e-10
41.3,3.156554370685458e-06,0.2137,2138.247012423969,1.4762346690278366e-09
41.4,1.7653946914850873e-06,0.1808,2148.626831956311,8.216385764286983e-10
41.5,1.6093769665100988e-06,0.1603,2159.0317842235117,7.454160602313252e-10
41.6,1.918456126276712e-06,0.1934,2169.461869225571,8.843004587868327e-10
41.7,1.853515632646139e-06,0.2105,2179.917086962671,8.502688674405894e-10
41.8,2.7278825050574167e-06,0.1993,2190.397437434447,1.2453824399340565e-09
41.9,2.6602500253327214e-06,0.2007,2200.9029206415694,1.2087084806799436e-09
42.0,1.3578867310770188e-06,0.1542,2211.433536583428,6.140300889055416e-10
42.1,2.460093517454469e-06,0.2134,2221.9892852602675,1.1071581369782851e-09
42.2,1.696352589951106e-06,0.2404,2232.570166672026,7.598205043113018e-10
42.3,1.775810230409255e-06,0.3155,2243.1761808185825,7.916499139007549e-10
42.4,1.77479217021366e-06,0.1910,2253.807327700363,7.874640162895118e-10
42.5,2.6905666832727104e-06,0.2051,2264.463607317002,1.1881695402738519e-09
42.6,1.9684585443449917e-06,0.2011,2275.1450196685605,8.652013508271898e-10
42.7,2.233986263628877e-06,0.1789,2285.8515647550385,9.773102934915553e-10
42.8,9.044789394081131e-07,0.1996,2296.583242576253,3.938367757109862e-10
42.9,1.6096902158010511e-06,0.1862,2307.3400531328743,6.976389169925066e-10
43.0,1.0829713221049033e-06,0.1646,2318.121996424172,4.671761554290262e-10
43.1,1.4405747548481147e-06,0.2132,2328.9290724504494,6.185567314561335e-10
43.2,1.2564624840908312e-06,0.1642,2339.7612812116463,5.370045628929169e-10
43.3,1.622562803851127e-06,0.1570,2350.618622707641,6.90270547581267e-10
43.4,1.3650523086075552e-06,0.2022,2361.501096938921,5.780443254407101e-10
43.5,1.458860682207462e-06,0.1632,2372.408703904998,6.149280601635667e-10
43.6,1.9347646674869223e-06,0.2271,2383.3414436059948,8.11786608535462e-10
43.7,1.8944631883978257e-06,0.2343,2394.2993160418505,7.912390801370933e-10
43.8,1.5442211139919959e-06,0.2239,2405.282321212625,6.420124159119398e-10
43.9,2.54743133538814e-06,0.3042,2416.2904591186243,1.0542736390712528e-09
44.0,1.7145797830683997e-06,0.2465,2427.3237297594205,7.063663416821361e-10
44.1,1.9299876157998983e-06,0.1922,2438.382133135137,7.915033454245447e-10
44.2,1.956809586337699e-06,0.2370,2449.465669245772,7.988720196842892e-10
44.3,1.4465167023358683e-06,0.1685,2460.5743380912054,5.878776673977694e-10
44.4,1.5447888783318473e-06,0.2136,2471.7081396719236,6.249883849704404e-10
44.5,1.191551357581285e-06,0.2396,2482.867073987439,4.79909444232822e-10
44.6,2.0711945227370428e-06,0.1792,2494.0511410378745,8.304539103697512e-10
44.7,1.9725014180063464e-06,0.3060,2505.26034082329,7.873438883234524e-10
44.8,1.7831715887466369e-06,0.1810,2516.4946733433812,7.085934286431607e-10
44.9,1.7808026409838093e-06,0.3383,2527.7541385988798,7.044999407936479e-10
45.0,1.70588711524447e-06,0.3092,2539.0387365891147,6.718633672899843e-10
45.1,1.7613909739851016e-06,0.2467,2550.3484673142693,6.906471788304262e-10
45.2,1.2472118409673928e-06,0.1892,2561.683330774404,4.86871982178358e-10
45.3,1.7648562942662628e-06,0.2255,2573.0433269692144,6.859022837928989e-10
45.4,1.5389643993282006e-06,0.2054,2584.428455899432,5.954757214560272e-10
45.5,1.5877529763940397e-06,0.1812,2595.838717564386,6.116531684540827e-10
45.6,8.482859322273863e-07,0.1761,2607.2741119642596,3.2535356690528696e-10
45.7,1.449668773326077e-06,0.1713,2618.734639099114,5.535760484020581e-10
45.8,1.16717664712905e-06,0.1865,2630.2202989687044,4.437562312125315e-10
45.9,1.7818207011794046e-06,0.2017,2641.731091573641,6.744898096793038e-10
46.0,2.024549745506159e-06,0.2295,2653.2670169132534,7.630403320135759e-10
46.1,1.570122914737624e-06,0.2278,2664.8280749879073,5.892023314655108e-10
46.2,9.810869902226295e-07,0.1958,2676.41426579742,3.6656768825371704e-10
46.3,1.037295659867904e-06,0.1943,2688.0255893417902,3.8589500932612173e-10
46.4,1.862071253905277e-06,0.1987,2699.6620456213855,6.897423538347672e-10
46.5,9.123189818182316e-07,0.2274,2711.323634635839,3.3648472287254866e-10
46.6,1.072614517422789e-06,0.2200,2723.0103563851508,3.9390761585156276e-10
46.7,1.2511764023060092e-06,0.1704,2734.722210869443,4.575149890299922e-10
46.8,2.2192733359944557e-06,0.2425,2746.4591980884725,8.08048900758862e-10
46.9,1.6094161226714678e-06,0.1776,2758.2213180427866,5.834978187368582e-10
47.0,7.943727925423725e-07,0.1969,2770.0085707319595,2.8677629410094706e-10
47.1,1.278037529005179e-06,0.2012,2781.8209561559906,4.5942479733534403e-10
47.2,9.981003423374827e-07,0.2039,2793.658474315063,3.5727357209695887e-10
47.3,8.312177614866164e-07,0.2046,2805.52112520875,2.962792737569453e-10
47.4,1.6235123407643266e-06,0.2452,2817.4089088378446,5.762430635012121e-10
47.5,1.140002271138928e-06,0.1884,2829.321825201737,4.029242134933318e-10
47.6,1.1164204729544161e-06,0.2395,2841.259874300487,3.929314889681736e-10
47.7,1.4666919144812724e-06,0.2404,2853.223056134218,5.140474073094264e-10
47.8,1.5720317776043653e-06,0.2090,2865.211370702746,5.486617125977673e-10
47.9,1.1450534159555355e-06,0.2873,2877.224818006499,3.979714789019831e-10
48.0,8.850839137779873e-07,0.2053,2889.26339804511,3.063354882690306e-10
48.1,9.526547225485265e-07,0.2099,2901.3271108185795,3.283513668611275e-10
48.2,1.6138799250675397e-06,0.2197,2913.4159563270905,5.539476508881826e-10
48.3,1.3196115833387702e-06,0.2207,2925.529934570277,4.510675374554335e-10
48.4,1.2882474980821596e-06,0.2049,2937.6690455488097,4.385271036688517e-10
48.5,1.038901062484035e-06,0.2364,2949.8332892620792,3.521897546772629e-10
48.6,7.089291539149295e-07,0.2171,2962.022665710329,2.393395439278044e-10
48.7,1.0819434728689657e-06,0.2742,2974.2371748934984,3.6377175364560764e-10
48.8,1.2500506626666489e-06,0.3434,2986.476816811465,4.1857035542009506e-10
48.9,1.3984427252150146e-06,0.2771,2998.7415914647167,4.663431918226585e-10
49.0,1.5395615307890788e-06,0.2401,3011.031498852705,5.113070160095299e-10
49.1,1.1505352785472029e-06,0.3629,3023.3465389756743,3.8055024910806626e-10
49.2,7.977598005007956e-07,0.2487,3035.6867118336236,2.627938506931536e-10
49.3,1.0142424698618744e-06,0.2472,3048.052017426188,3.3275103707656307e-10
49.4,1.1153632565974518e-06,0.3661,3060.4424557542197,3.644450999234946e-10
49.5,8.023714174060357e-07,0.2916,3072.8580268169885,2.611156813636359e-10
49.6,9.551734426285908e-07,0.2151,3085.2987306146765,3.095886414986771e-10
49.7,7.191312917596361e-07,0.2519,3097.764567147284,2.321452376937349e-10
49.8,8.064456159964856e-07,0.2732,3110.2555364146288,2.5928596752089445e-10
49.9,1.046301576982786e-06,0.2954,3122.77163841738,3.350554245180257e-10
50.0,1.2396351237424811e-06,0.3284,3135.3128731548068,3.9537844352201393e-10
50.1,1.2530461090113814e-06,0.2221,3147.879240627214,3.980604124959102e-10
50.2,1.3134444879231445e-06,0.2731,3160.4707408346017,4.1558508071373456e-10
50.3,9.435959446157963e-07,0.2586,3173.087373776665,2.9737471221686267e-10
50.4,9.538186394452217e-07,0.2349,3185.7291394541357,2.9940355808424294e-10
50.5,1.0441186209864612e-06,0.2850,3198.396037866343,3.2645069860797953e-10
50.6,5.846386875932498e-07,0.2313,3211.0880690134695,1.820687178389555e-10
50.7,6.316084609634964e-07,0.2320,3223.8052328955155,1.9592016742159282e-10
50.8,5.939382759183998e-07,0.2573,3236.547529512359,1.8350982659843303e-10
50.9,6.029441930332817e-07,0.2467,3249.314958864488,1.8556040293612776e-10
51.0,8.258073588894476e-07,0.2190,3262.107520951414,2.531514836913149e-10
51.1,1.2185593198855888e-06,0.3728,3274.92521577326,3.7208767822133866e-10
51.2,1.1571330917378883e-06,0.2919,3287.7680433301466,3.519509516753621e-10
51.3,6.968093430671737e-07,0.2125,3300.636003621588,2.1111365879261058e-10
51.4,8.595031935555856e-07,0.2028,3313.5290966484354,2.593920766909682e-10
51.5,6.776551278294675e-07,0.2543,3326.447322410203,2.037173783766602e-10
51.6,9.859129871113653e-07,0.2090,3339.390680906768,2.952373894879689e-10
51.7,8.604850343019146e-07,0.3028,3352.3591721382522,2.566804420759805e-10
51.8,7.313284360260959e-07,0.2197,3365.3527961044124,2.1731107563897914e-10
51.9,9.01679273870226e-07,0.3269,3378.3715528062235,2.668976042973283e-10
52.0,1.1687624716644968e-06,0.2923,3391.4154422424663,3.446237984019113e-10
52.1,4.741076963766551e-07,0.2721,3404.48446441375,1.3925976203809647e-10
52.2,1.0085648264633618e-06,0.2383,3417.5786193200756,2.951109363693336e-10
52.3,1.4838031569995483e-06,0.2952,3430.697906961077,4.3250766964611756e-10
52.4,1.203572299121584e-06,0.2637,3443.8423273373633,3.49485308769097e-10
52.5,8.143091521034255e-07,0.1982,3457.011880448447,2.3555289373138996e-10
52.6,9.130218349148062e-07,0.2286,3470.2065662944506,2.6310302210330586e-10
52.7,1.0327045999473826e-06,0.3628,3483.426384875495,2.9646230057601563e-10
52.8,8.164539308424152e-07,0.2220,3496.6713361912152,2.3349461597718994e-10
52.9,6.827327030549994e-07,0.3066,3509.941420242221,1.9451398793085386e-10
53.0,9.440139366384109e-07,0.2858,3523.2366370280242,2.6793940739521835e-10
53.1,7.466796090908328e-07,0.2347,3536.5569865488683,2.1113179058920704e-10
53.2,6.70285938259812e-07,0.3288,3549.9024688043887,1.8881812786410579e-10
53.3,1.4162196224765644e-06,0.2397,3563.27308379495,3.974490837980526e-10
53.4,8.410214853893929e-07,0.2200,3576.6688315206748,2.3514099990963376e-10
53.5,1.103645775307763e-06,0.2683,3590.089711981319,3.0741453942627987e-10
53.6,6.171882256353086e-07,0.2817,3603.5357251767605,1.71272958756371e-10
53.7,6.789746904676046e-07,0.3044,3617.0068711071217,1.8771727969092265e-10
53.8,6.43770364684724e-07,0.2955,3630.5031497722807,1.7732262943363755e-10
53.9,5.88554303730155e-07,0.2539,3644.0245611728465,1.6151216706967695e-10
54.0,9.155983103328897e-07,0.3176,3657.5711053080877,2.503295996089094e-10
54.1,5.716124116098005e-07,0.2323,3671.1427821782486,1.557042167863158e-10
54.2,1.5281768768710269e-06,0.3042,3684.739591783451,4.147313097182463e-10
54.3,8.590264672909173e-07,0.2603,3698.361534123329,2.3227217224844504e-10
54.4,9.755121317477108e-07,0.2567,3712.008609198492,2.6279899495123913e-10
54.5,6.393515918742265e-07,0.2194,3725.6808170085746,1.7160664675176736e-10
54.6,5.814954267393491e-07,0.3089,3739.378157553455,1.5550591628844551e-10
54.7,6.83751742154629e-07,0.2148,3753.1006308333763,1.8218316251296516e-10
54.8,7.406152985988008e-07,0.3204,3766.8482368478517,1.966140529246693e-10
54.9,5.230382145274569e-07,0.2715,3780.6209755978557,1.3834717045253268e-10
55.0,5.213868034217171e-07,0.2777,3794.4188470826575,1.3740886929828157e-10
55.1,4.718474069616266e-07,0.2709,3808.2418513022567,1.239016389676708e-10
55.2,4.823118910875058e-07,0.2604,3822.0899882568974,1.261906162778415e-10
55.3,1.1089220680522425e-06,0.2906,3835.9632579460917,2.890856855198342e-10
55.4,9.343149554672967e-07,0.3285,3849.861660370815,2.426879295650598e-10
55.5,5.409913145151674e-07,0.2353,3863.7851955303363,1.4001588782445547e-10
55.6,5.874040914899392e-07,0.2884,3877.733863424655,1.5148128060835204e-10
55.7,6.290065340405229e-07,0.3041,3891.707664054015,1.616273852865102e-10
55.8,1.5286956960091667e-06,0.3819,3905.706597417928,3.914005463236258e-10
55.9,1.0715768791465093e-06,0.3356,3919.7306635174928,2.733802322491454e-10
56.0,3.8679532994787407e-07,0.2898,3933.779862351611,9.832663328462109e-11
56.1,7.259522950701251e-07,0.3484,3947.8541939207707,1.8388528537553535e-10
56.2,8.697102259204632e-07,0.2757,3961.953658224728,2.1951549688497946e-10
56.3,8.587905514186688e-07,0.2647,3976.0782552633605,2.1598934836904656e-10
56.4,7.464818704759191e-07,0.4301,3990.2279850376444,1.8707749864795674e-10
56.5,5.91158188461197e-07,0.3052,4004.402847546604,1.4762705226408094e-10
56.6,6.590520355630309e-07,0.2593,4018.6028427903607,1.6400029098307485e-10
56.7,5.482214997119628e-07,0.3347,4032.827970769159,1.3593971865043466e-10
56.8,8.634726494143732e-07,0.4094,4047.078231482511,2.133570442739055e-10
56.9,6.763473120397413e-07,0.3509,4061.353624931514,1.6653248510246296e-10
57.0,7.38690773267512e-07,0.3762,4075.6541511150704,1.8124471456082978e-10
57.1,9.041676479252291e-07,0.2629,4089.9798100336684,2.2106897586807063e-10
57.2,6.437664490685872e-07,0.2562,4104.330601687064,1.5685053460458821e-10
57.3,6.952509278446854e-07,0.2422,4118.706526075257,1.6880322097316183e-10
57.4,8.683299712322041e-07,0.2875,4133.107583198979,2.1009130629987772e-10
57.5,5.227474800292917e-07,0.2833,4147.5337730572555,1.2603814908635716e-10
57.6,4.7312487672629194e-07,0.2761,4161.9850956505725,1.1367769606400677e-10
57.7,2.6928475296724574e-07,0.2864,4176.461550978687,6.447677051022849e-11
57.8,3.824705319246623e-07,0.2986,4190.9631390416,9.126077210312248e-11
57.9,4.1142553435304214e-07,0.2737,4205.4898598400405,9.783058527424224e-11
58.0,5.530034459191584e-07,0.3576,4220.041713373036,1.3104217528626e-10
58.1,6.028179144128666e-07,0.4161,4234.618699641072,1.423547094013356e-10
58.2,7.595541549489771e-07,0.3117,4249.220818643907,1.7875139640104198e-10
58.3,3.7614779076759456e-07,0.3034,4263.848070381659,8.821791596667406e-11
58.4,3.7559079437211974e-07,0.3120,4278.500454854699,8.778561515540966e-11
58.5,6.040111984305885e-07,0.3544,4293.177972062413,1.4069092927457316e-10
58.6,9.515270251010978e-07,0.3068,4307.880622005168,2.2088054628082873e-10
58.7,6.961603296924816e-07,0.2919,4322.608404682843,1.610509823046439e-10
58.8,8.372996922512645e-07,0.3277,4337.361320095194,1.9304356507538735e-10
58.9,5.58019350190534e-07,0.3720,4352.139368242952,1.282172520168668e-10
59.0,1.924965838104317e-07,0.2544,4366.942549125507,4.408040216809807e-11
59.1,5.788846896800676e-07,0.2990,4381.770862742982,1.3211204049991944e-10
59.2,6.189766833058401e-07,0.2723,4396.624309095254,1.4078452917284042e-10
59.3,3.995142300645764e-07,0.2927,4411.502888182324,9.056193324384034e-11
59.4,1.3442016526785352e-07,0.4372,4426.406600004923,3.0367785297379594e-11
59.5,6.84093379662574e-07,0.2764,4441.335444562197,1.5402875738650907e-10
59.6,4.34026470695259e-07,0.3507,4456.28942185427,9.739638286659126e-11
59.7,4.925942990630189e-07,0.3169,4471.268531881505,1.1016880233219536e-10
59.8,3.347489602561299e-07,0.4665,4486.272774643172,7.461627437104625e-11
59.9,3.155555888570547e-07,0.4229,4501.302150140368,7.01031786651368e-11
60.0,3.9280775852609206e-07,0.3210,4516.356658372484,8.697447704841902e-11
60.1,5.199301942187884e-07,0.4826,4531.436299339275,1.1473849787860837e-10
60.2,2.0282402137151923e-07,0.3229,4546.5410730412295,4.461062115421474e-11
60.3,4.919139607592317e-07,0.3221,4561.670979477616,1.0783635272519449e-10
60.4,8.376902749609208e-07,0.5589,4576.826018649532,1.8302864726505275e-10
60.5,2.559432698847754e-07,0.3410,4592.006190556366,5.5736699661061524e-11
60.6,6.125599673614868e-07,0.4089,4607.2114951978765,1.329567717913453e-10
60.7,3.7279798116247213e-07,0.2835,4622.44193257455,8.064957583033082e-11
60.8,3.732286989375317e-07,0.5050,4637.697502685656,8.047715460557695e-11
60.9,7.214003913109727e-07,0.5279,4652.978205532413,1.5504056959760186e-10
61.0,6.533244680587727e-07,0.4210,4668.284041113845,1.3994959653373846e-10
61.1,5.584549624857646e-07,0.2971,4683.615009430197,1.1923588112202792e-10
61.2,2.7482926541710355e-07,0.3044,4698.971110481468,5.848711536107825e-11
61.3,2.8263896180216104e-07,0.2961,4714.352344267292,5.995287181830042e-11
61.4,5.484290273672188e-07,0.3988,4729.75871078889,1.159528552939109e-10
61.5,2.935517839757159e-07,0.2917,4745.19021004492,6.186301728312319e-11
61.6,6.18348226915867e-07,0.3477,4760.64684203599,1.298874391303131e-10
61.7,3.935331264154537e-07,0.3081,4776.128606762102,8.239583956308979e-11
61.8,6.246729258810031e-07,0.3365,4791.635504222646,1.3036737150196584e-10
61.9,2.0045115799255468e-07,0.3204,4807.167534418842,4.169839236043768e-11
62.0,1.1909444370800648e-06,0.4849,4822.724697349711,2.4694431298028237e-10
62.1,4.691534630594357e-07,0.4406,4838.306993015502,9.696645205372411e-11
62.2,2.9876542686200515e-07,0.3724,4853.914421416212,6.1551440945025e-11
62.3,2.8667791984737874e-07,0.3164,4869.546982551597,5.887157899381478e-11
62.4,1.8662511741314235e-07,0.3251,4885.204676422511,3.820210815605171e-11
62.5,3.10348798299005e-07,0.3044,4900.8875030281,6.332501982697023e-11
62.6,3.1401773061928524e-07,0.3633,4916.595462368609,6.386893797196905e-11
62.7,3.33162156816649e-07,0.2969,4932.328554444038,6.75466269408329e-11
62.8,2.780244081848182e-07,0.3989,4948.086779254142,5.618826439150016e-11
62.9,2.1712385150349708e-07,0.5316,4963.8701367997755,4.374084041680381e-11
63.0,2.908832915784149e-07,0.3931,4979.678627080084,5.841406913220404e-11
63.1,4.936064858344089e-07,0.4132,4995.512250095313,9.880998406619682e-11
63.2,3.0623740135525453e-07,0.4177,5011.371005845461,6.110850723246137e-11
63.3,5.460855311092811e-07,0.2505,5027.2548943302845,1.0862499367699733e-10
63.4,3.4099730470659643e-07,0.4359,5043.163915550758,6.761574884669527e-11
63.5,2.9770233708083535e-07,0.3410,5059.098069505665,5.884494291092572e-11
63.6,8.300969163674274e-07,0.5880,5075.057356195613,1.6356404629674735e-10
63.7,1.6153189139978523e-07,0.4647,5091.041775620602,3.172865172179704e-11
63.8,1.8652820591375393e-07,0.4086,5107.051327780022,3.652365992468606e-11
63.9,3.3921569936430453e-07,0.4799,5123.086012675216,6.621315717226657e-11
64.0,2.797335746285773e-07,0.4240,5139.145830304963,5.4431919985422476e-11
64.1,8.926743356593781e-08,0.3283,5155.230780669142,1.731589474144764e-11
64.2,3.6245977565700816e-07,0.3652,5171.340863769826,7.009009562614302e-11
64.3,2.3268157331945578e-07,0.3317,5187.476079603234,4.485448602536062e-11
64.4,4.413476939672376e-07,0.4500,5203.636428173756,8.481524411999146e-11
64.5,6.931913137566733e-07,0.6938,5219.821909477491,1.3279980155990845e-10
64.6,3.050636954182172e-07,0.4569,5236.0325235168775,5.826237595890935e-11
64.7,2.7897198728994925e-07,0.4744,5252.268270291915,5.31145731583974e-11
64.8,5.698082914747213e-07,0.7637,5268.529149800408,1.0815320087890333e-10
64.9,5.131189799486418e-07,0.3746,5284.815162045527,9.709307974170194e-11
65.0,3.156417324120667e-07,0.3311,5301.126307023859,5.954239045273252e-11
65.1,2.7905519413285854e-07,0.3964,5317.462584738087,5.2479014132377477e-11
65.2,1.8651743796937746e-07,0.4178,5333.823995187721,3.4968802520978774e-11
65.3,2.2449597778525542e-07,0.3397,5350.210538371299,4.196021374769974e-11
65.4,7.190382958763846e-07,0.5543,5366.622214290773,1.3398340094848826e-10
65.5,3.1086957524521336e-07,0.3522,5383.059022943946,5.7749612984031825e-11
65.6,6.366928885172679e-07,0.4529,5399.52096433277,1.1791655087979556e-10
65.7,3.5874385594308506e-07,0.3556,5416.008038457489,6.6237688976041e-11
65.8,4.4100703536332684e-07,0.6223,5432.520245315421,8.117908732022061e-11
65.9,8.723679503733877e-08,0.4242,5449.057584909735,1.60095197523562e-11
66.0,2.489499794642627e-07,0.3114,5465.62005723775,4.554835075566497e-11
66.1,2.491359712307657e-07,0.3857,5482.207662301172,4.544446080435235e-11
66.2,2.896273577025026e-07,0.4016,5498.820400100732,5.267081603487122e-11
66.3,1.9891623646688783e-07,0.3797,5515.45827063326,3.6065223723295284e-11
66.4,2.726404359965735e-07,0.5440,5532.121273902416,4.9283163274591426e-11
66.5,2.2315096364222846e-07,0.3736,5548.809409905028,4.02160080041473e-11
66.6,3.7789905008482544e-07,0.7829,5565.52267864329,6.790001081748282e-11
66.7,2.8238738346536484e-07,0.3599,5582.261080117448,5.0586559713438484e-11
66.8,2.5351460897585997e-07,0.3590,5599.024614324819,4.527835229144301e-11
66.9,1.214252142134993e-07,0.4490,5615.813281268571,2.1622017708193858e-11
67.0,3.9651486810370703e-07,0.3537,5632.627080946024,7.03960802668851e-11
67.1,2.838625918449439e-07,0.3446,5649.466013358884,5.024591548541305e-11
67.2,2.821583199213559e-07,0.3864,5666.330078507883,4.9795602446735116e-11
67.3,2.6975266909560597e-07,0.4083,5683.21927638985,4.746476529882565e-11
67.4,1.3202087147996484e-07,0.4197,5700.133607008687,2.3161013509865196e-11
67.5,2.127217200615814e-07,0.4117,5717.073070360494,3.720815134660647e-11
67.6,1.0150745382909668e-07,0.6574,5734.0376664481955,1.7702613713727645e-11
67.7,2.955937777911119e-07,0.3423,5751.0273952720345,5.139842978910549e-11
67.8,9.908075072824967e-08,0.4719,5768.042256828599,1.7177535516656656e-11
67.9,3.7978539815877947e-07,0.3560,5785.082251122035,6.564909221214944e-11
68.0,1.7051333591381158e-07,0.5338,5802.147378148682,2.9387970487612475e-11
68.1,3.077292511034154e-07,0.3662,5819.237637911224,5.288136870345662e-11
68.2,1.511065634352751e-07,0.5092,5836.353030409417,2.589057972469411e-11
68.3,4.133226503713727e-07,0.7947,5853.493555641067,7.06112762305939e-11
68.4,2.371600592760411e-07,0.4173,5870.659213609099,4.0397517663138624e-11
68.5,1.0624632825878623e-07,0.4245,5887.850004310588,1.8045012726377473e-11
68.6,1.2459098986018718e-07,0.4384,5905.065927747727,2.1099000652090586e-11
68.7,2.5152156036217526e-07,0.6469,5922.306983920762,4.24701997118798e-11
68.8,4.4228058951185527e-07,0.4444,5939.573172827008,7.446336237345262e-11
68.9,1.810336175696417e-07,0.6109,5956.864494469882,3.03907563681709e-11
69.0,1.8174430189848998e-07,0.4259,5974.180948845968,3.042162657185627e-11
69.1,3.0571956112114886e-07,0.6526,5991.522535957948,5.102535445479539e-11
69.2,2.4582433888297814e-07,0.4278,6008.88925580558,4.0910113070476575e-11
69.3,3.0055094782043396e-07,0.4713,6026.281108386668,4.9873370062701284e-11
69.4,1.9760254725295614e-07,0.3982,6043.698093704139,3.2695635054769413e-11
69.5,9.452307143529542e-08,0.4291,6061.140211755066,1.5594932328405135e-11
69.6,4.436197302306768e-07,0.4690,6078.607462541644,7.298048656117472e-11
69.7,2.097703243983891e-07,0.3327,6096.099846064117,3.4410578844738754e-11
69.8,3.992734196721568e-07,0.5440,6113.617362319802,6.530886642219513e-11
69.9,1.7430854685450698e-07,0.4379,6131.160011312357,2.8429945806812624e-11
70.0,2.2768720493683315e-07,0.3826,6148.727793037638,3.702996987354835e-11
70.1,4.102674908805524e-07,0.6610,6166.320707499057,6.65335960196837e-11
70.2,1.0186279599352084e-07,0.5989,6183.938754696371,1.64721547276259e-11
70.3,3.8171188129813685e-07,0.7241,6201.5819346266535,6.15507277533239e-11
70.4,5.672739089301095e-07,0.6545,6219.250247293806,9.121258775154584e-11
70.5,1.0938077897637886e-07,0.4081,6236.943692693928,1.7537560761452688e-11
70.6,8.210048556975334e-08,0.5338,6254.6622708301875,1.3126285963135794e-11
70.7,1.6313729401591638e-07,0.3980,6272.405981702099,2.6008726873200092e-11
70.8,2.097292104289516e-07,0.3518,6290.174825306979,3.3342349974941466e-11
70.9,1.2227196620310506e-07,0.4701,6307.968801648973,1.9383730333469915e-11
71.0,2.378707436048894e-07,0.5787,6325.787910723935,3.760333842391928e-11
71.1,2.6711452272336604e-07,0.7320,6343.632152534793,4.210750502243927e-11
71.2,3.3689080228301705e-07,0.4439,6361.501527081301,5.29577491805751e-11
71.3,2.2274667627609298e-07,0.3849,6379.396034361266,3.4916577537483986e-11
71.4,1.5471480370543325e-07,0.4137,6397.315674377857,2.4184331613505902e-11
71.5,1.5510538641508954e-07,0.4121,6415.260447127417,2.417756655297473e-11
71.6,2.1786683966547488e-07,0.5743,6433.230352612872,3.3865853968214854e-11
71.7,3.4658978345413125e-07,0.6752,6451.225390834465,5.372464337496972e-11
71.8,2.403924003970564e-07,0.5852,6469.245561789027,3.7159263487685176e-11
71.9,1.9566627507325648e-07,0.4538,6487.290865480216,3.0161477129755986e-11
72.0,2.649579971359655e-07,0.4376,6505.361301904617,4.072917472829557e-11
72.1,1.4495708829226543e-07,0.4661,6523.456871064913,2.2220900844033957e-11
72.2,1.795006538520433e-07,0.4908,6541.5775729608595,2.7439964114160527e-11
72.3,1.9778853901945912e-07,0.4211,6559.723407590506,3.015196323530813e-11
72.4,3.1426833005204716e-07,0.3990,6577.8943749560485,4.777643302521819e-11
72.5,3.71387380449152e-07,0.4099,6596.090475055535,5.630416712045254e-11
72.6,1.4861035814799802e-07,0.3944,6614.311707890427,2.2468000407467325e-11
72.7,2.2292287900225374e-07,0.4107,6632.558073461215,3.361039233025832e-11
72.8,9.085071295089544e-08,0.5241,6650.829571765215,1.3660057286174376e-11
72.9,5.009609918435511e-08,0.4560,6669.126202805843,7.511643603817037e-12
73.0,3.316272352909822e-08,0.5566,6687.447966579926,4.958950513682755e-12
73.1,2.685476382294733e-07,0.5065,6705.794863089416,4.004710011450472e-11
73.2,1.7988438423346e-07,0.5433,6724.166892335289,2.6751921407320473e-11
73.3,1.3698685164559488e-08,0.6293,6742.564054313643,2.031672973992079e-12
73.4,3.341430186589438e-08,0.4897,6760.986349029355,4.942222945131597e-12
73.5,9.873128198803088e-08,0.7577,6779.433776477792,1.45633522272307e-11
73.6,1.3190144518778923e-07,0.6182,6797.906336662123,1.9403245448738394e-11
73.7,1.3614205746405756e-07,0.4706,6816.404029582837,1.997270949216158e-11
73.8,1.6366100767422745e-07,0.5119,6834.926855235788,2.3944807477911418e-11
73.9,2.6013787367143514e-07,0.3541,6853.4748136263415,3.7957077357929307e-11
74.0,1.2858589722386473e-07,0.5299,6872.047904749375,1.8711437843004133e-11
74.1,1.0952663567747858e-07,0.5766,6890.646128608548,1.5894973219237957e-11
74.2,7.166018037351953e-08,0.4744,6909.269485203859,1.0371600141951213e-11
74.3,2.551170748798884e-07,0.5573,6927.917974531651,3.682449414351432e-11
74.4,1.0461351632969675e-07,0.7002,6946.5915965968015,1.5059690047266903e-11
74.5,3.4302069934534217e-07,0.5479,6965.290351394677,4.9247150088532676e-11
74.6,2.2826280050895822e-07,0.8153,6984.01423892869,3.268361041371137e-11
74.7,3.7762887257137895e-07,0.8888,7002.763259198356,5.392569455712375e-11
74.8,9.361083076579993e-08,0.6460,7021.537412201233,1.3331956417854247e-11
74.9,9.597361143321196e-08,0.4794,7040.33669794098,1.3631963292505661e-11
75.0,1.2724577760100893e-07,0.4851,7059.161116413453,1.8025623087868926e-11
75.1,9.268958417918955e-08,0.5701,7078.010667622063,1.3095428720274825e-11
75.2,5.888107765871224e-08,0.5672,7096.885351566813,8.29674917119984e-12
75.3,1.1933231738832347e-08,0.4916,7115.785168244288,1.677008433600124e-12
75.4,2.6820991633766525e-08,0.4638,7134.710117658632,3.759226540596755e-12
75.5,1.876167471998136e-07,0.5808,7153.66019980619,2.6226678645554987e-11
75.6,1.823737371924975e-07,0.5268,7172.635414689398,2.542632193726174e-11
75.7,2.479417083090096e-07,0.5269,7191.635762308745,3.447639959860987e-11
75.8,6.179468762618341e-08,0.6310,7210.661242660817,8.569905802894224e-12
75.9,6.255382770472592e-07,0.4881,7229.711855750246,8.652326531516316e-11
76.0,2.177415399490939e-07,0.4669,7248.787601572158,3.00383390874729e-11
76.1,1.4632559613211385e-07,0.4737,7267.8884801302065,2.0133164746838873e-11
76.2,3.132620167048625e-07,0.5246,7287.014491424395,4.298907557731906e-11
76.3,4.592606588895447e-08,0.5419,7306.165635451064,6.285932756042577e-12
76.4,1.0301202932970251e-07,0.5683,7325.341912215335,1.4062419278740471e-11
76.5,2.3758686143496377e-07,0.7260,7344.5433217118425,3.234875893952625e-11
76.6,8.670564170836757e-08,0.5829,7363.7698639447335,1.1774626761885222e-11
76.7,6.203216974488672e-08,0.4777,7383.021538913518,8.402003084771622e-12
76.8,1.6031315587717347e-07,0.5788,7402.298346615029,2.165721352618576e-11
76.9,3.143525157989906e-07,0.8372,7421.600287053897,4.235643306570166e-11
77.0,7.723200424593225e-08,0.5374,7440.927360225246,1.0379351995662316e-11
77.1,1.5946150936739662e-07,0.5663,7460.279566132734,2.1374736422921805e-11
77.2,1.655228831473259e-07,0.4169,7479.6569047763605,2.212974274817689e-11
77.3,8.630918557450591e-08,0.6791,7499.059376152712,1.1509334870580215e-11
77.4,1.3991377470793152e-07,0.4585,7518.486980265933,1.860929932779942e-11
77.5,1.5170467380018737e-07,0.4755,7537.939717112367,2.012548249169368e-11
77.6,2.258546965847615e-07,0.5403,7557.417586694452,2.988516831230817e-11
77.7,2.4099932089827666e-07,0.6332,7576.92058901292,3.1807027415298907e-11
77.8,2.555105943016474e-07,0.5360,7596.4487240636245,3.3635532020673633e-11
77.9,8.136660121529388e-08,0.6322,7616.001991851931,1.0683637071306558e-11
78.0,1.0869848286452312e-07,0.4722,7635.580392372963,1.4235785268281634e-11
78.1,1.6082120707093694e-07,0.4954,7655.183925629889,2.100814410644015e-11
78.2,7.672806444911253e-08,0.6793,7674.81259162271,9.997386064236088e-12
78.3,1.0397135528324429e-07,0.5766,7694.4663903485,1.351248416831868e-11
78.4,6.25377736785646e-08,0.6225,7714.145321811648,8.106895977411762e-12
78.5,2.3990196947590897e-08,0.6481,7733.849386007032,3.1019736421291984e-12
78.6,3.5596670519798505e-07,0.4384,7753.5785829388,4.590998870911872e-11
78.7,3.065712076309257e-07,0.7458,7773.332912606462,3.9438836735493666e-11
78.8,4.500775601444678e-08,0.7415,7793.112375007093,5.775324908542181e-12
78.9,1.015681458792187e-07,0.9302,7812.9169701445935,1.3000028832680529e-11
79.0,2.234133099234011e-07,0.4414,7832.746698014819,2.8522984150633185e-11
79.1,1.6352591891750423e-07,0.7438,7852.601558621428,2.0824425853871056e-11
79.2,6.324268247361096e-08,0.6431,7872.481551963687,8.033385922363439e-12
79.3,2.3285092371737693e-08,0.5795,7892.386678038915,2.9503233079709577e-12
79.4,1.0264983483703878e-07,0.4634,7912.316936851501,1.297342303857277e-11
79.5,1.4359151716451976e-08,0.4834,7932.272328396325,1.8102192060462172e-12
79.6,4.6227372550689326e-08,0.5015,7952.25285267753,5.813116535287799e-12
79.7,1.7690753706537783e-08,0.5932,7972.25850969463,2.219039144933022e-12
79.8,1.2163665748489218e-07,0.6398,7992.2892994447,1.5219251071572624e-11
79.9,2.807526137282069e-08,0.7885,8012.34522193164,3.5040004636809973e-12
80.0,5.1371806921758825e-08,0.6834,8032.426277151548,6.395552868986462e-12
80.1,2.7119165802591857e-08,0.6720,8052.532465107351,3.3677809956187896e-12
80.2,1.9352443304636933e-07,0.6790,8072.663785799293,2.3972809741785625e-11
80.3,2.5931950989882196e-07,0.9709,8092.820239223715,3.204315704950053e-11
80.4,7.231819966532645e-08,0.5540,8113.00182538574,8.913864586969698e-12
80.5,2.1038703393995167e-07,0.7732,8133.208544280245,2.5867655156575115e-11
80.6,1.4226020767797196e-07,0.8808,8153.440395910645,1.744787485652345e-11
80.7,1.6168362152509032e-07,0.6363,8173.697380277672,1.9780964966383144e-11
80.8,2.991383892990454e-08,0.6317,8193.979497376691,3.650709516600753e-12
80.9,4.186615929740429e-08,0.8935,8214.28674721307,5.096749186605713e-12
81.0,3.9823382358780844e-08,0.5455,8234.61912978266,4.836092809046763e-12
81.1,1.2375892143109482e-07,0.3653,8254.976645087901,1.499203774304282e-11
81.2,1.053486732594007e-08,0.8773,8275.35929312928,1.2730404750748133e-12
81.3,8.453247475238517e-08,0.7051,8295.767073902898,1.0189832236046052e-11
81.4,1.3200423011138296e-07,0.8079,8316.199987414606,1.587314281897414e-11
81.5,7.360555636073747e-08,0.6305,8336.658033658548,8.829144252236484e-12
81.6,8.64462321392976e-08,0.8952,8357.141212638631,1.0343995624791365e-11
81.7,5.970805578682662e-08,0.8919,8377.649524354365,7.127065367589259e-12
81.8,4.626212364390436e-07,0.6810,8398.18296880331,5.508587252237067e-11
81.9,8.523542573936308e-08,0.5743,8418.741545989371,1.012448538463194e-11
82.0,7.54552934238115e-09,0.6603,8439.325255908156,8.940915432899944e-13
82.1,3.481736501815094e-07,0.9552,8459.934098562591,4.115559839179679e-11
82.2,2.1991960142524742e-07,0.5221,8480.568073953655,2.5932178069613745e-11
82.3,2.5323366351803702e-08,0.9897,8501.227182077442,2.9787895099652474e-12
82.4,1.2879734049525762e-07,0.9130,8521.911422937856,1.5113668061437778e-11
82.5,2.015279524302036e-08,0.7982,8542.620796530993,2.359088120966818e-12
82.6,1.8466045701645015e-08,0.7095,8563.355302860758,2.1564030743271933e-12
82.7,3.231704833393011e-08,0.6254,8584.114941926175,3.764750187126286e-12
82.8,4.623148394763308e-08,0.8036,8604.899713724315,5.3726929407319585e-12
82.9,3.113139976767521e-08,0.8244,8625.709618260056,3.609140713683672e-12
83.0,4.77922485398035e-09,1.0000,8646.544655528036,5.527323392616525e-13
83.1,1.1775628189321913e-07,0.5814,8667.404825532154,1.3586106137137677e-11
83.2,9.894957758766336e-08,0.6013,8688.29012827241,1.1388843619030778e-11
83.3,1.5114963521278107e-17,0.1585,8709.200563745393,1.7355167573242695e-21
83.4,5.067649138624788e-08,0.8671,8730.136131955976,5.804776766395494e-12
83.5,3.8052055508848344e-09,1.0000,8751.096832898309,4.348261279180217e-13
83.6,4.883301930899291e-08,1.0000,8772.08266657727,5.5668672041877595e-12
83.7,5.3832673773400335e-08,1.0000,8793.093632992366,6.122154047287292e-12
83.8,1.8760304254333443e-08,0.7214,8814.129732140189,2.1284352312089455e-12
83.9,2.3961906621001758e-08,0.7317,8835.190964025127,2.7120983257259693e-12
84.0,4.214162289263558e-08,0.6556,8856.2773286423,4.758390159750795e-12
84.1,3.8177746786843e-08,0.6712,8877.3888259961,4.300560393957872e-12
84.2,3.428738637402082e-08,0.8580,8898.52545608604,3.8531537099295905e-12
84.3,3.8429618794849436e-08,1.0000,8919.687218908217,4.308404302942954e-12
84.4,3.518044052444548e-08,0.9515,8940.874114467993,3.934787591687148e-12
84.5,4.210422875852813e-08,1.0000,8962.086142760008,4.698038836922126e-12
84.6,3.9511503533476346e-08,1.0000,8983.323303788651,4.398316992199608e-12
84.7,1.3225874516028183e-08,0.7864,9004.585597552943,1.4687932468122023e-12
84.8,2.469911924917759e-07,0.7182,9025.87302404996,2.7364798045978886e-11
84.9,1.097733194941036e-07,0.7553,9047.18558328458,1.213342187839264e-11
85.0,5.422864045524488e-10,1.0000,9068.523275251437,5.979875533124364e-14
85.1,1.444940666840764e-07,0.6694,9089.88609995443,1.5896136111628593e-11
85.2,2.6005270902045747e-07,0.5837,9111.274057394052,2.854186004968399e-11
85.3,1.4323421719202716e-08,0.6864,9132.687147565422,1.5683688149791742e-12
85.4,1.484909318558224e-17,0.1638,9154.125370474883,1.6221203648221308e-21
85.5,7.25208328004113e-09,0.7791,9175.588726116093,7.903670812315104e-13
85.6,1.6703528988020553e-08,0.6951,9197.07721449393,1.8161779659408533e-12
85.7,1.1528161249469501e-08,0.7075,9218.590835608391,1.2505339975541596e-12
85.8,1.1553123302342272e-08,1.0000,9240.129589454604,1.250320484198338e-12
85.9,4.206311478909063e-08,0.6831,9261.693476038417,4.541622425522405e-12
86.0,1.959413471068741e-08,0.8342,9283.282495354955,2.110690342612288e-12
86.1,1.482373957109578e-07,0.6231,9304.896647407146,1.5931116843975356e-11
86.2,4.4901251255522954e-07,0.5067,9326.535932196448,4.8143546094662904e-11
86.3,7.744736313346203e-08,0.8559,9348.200349717501,8.284735054464516e-12
86.4,5.319119795977184e-08,0.6724,9369.88989997567,5.676822089436714e-12
86.5,4.261002847301287e-08,0.8755,9391.60458296705,4.537033911147828e-12
86.6,3.1295561974214966e-09,1.0000,9413.344398694078,3.324595451809521e-13
86.7,7.655646257191266e-09,0.7984,9435.109347157735,8.113998445070995e-13
86.8,1.7433008274325997e-08,0.9294,9456.89942835363,1.8434169049168945e-12
86.9,6.890495707878618e-08,0.6525,9478.714642287126,7.2694410243539145e-12
87.0,1.8805138059101006e-08,0.8158,9500.55498895286,1.97937258201941e-12
87.1,7.384666042436741e-08,0.4910,9522.42046835473,7.755030422126121e-12
87.2,1.2468985916764403e-08,0.7529,9544.31108049323,1.306431214532462e-12
87.3,8.550462434877531e-08,0.5435,9566.226825363477,8.938176556933823e-12
87.4,3.5530202935874533e-08,0.6231,9588.167702971326,3.705630109584326e-12
87.5,6.868812983520505e-08,0.7731,9610.133713312387,7.147468691310214e-12
87.6,1.129704200698867e-07,0.5786,9632.124856388613,1.1728504536043034e-11
87.7,6.073639447478135e-08,0.9255,9654.141132201952,6.291227116225964e-12
87.8,3.605117566288978e-08,0.7981,9676.18254074704,3.725764319872626e-12
87.9,2.2382053400163926e-08,0.8837,9698.24908203022,2.307844767736002e-12
88.0,1.3007481025992293e-17,0.1784,9720.340756045147,1.3381713000033308e-21
88.1,1.3007481025992293e-17,0.1784,9742.4575627967,1.335133454998425e-21
88.2,2.0721244815695576e-08,0.6241,9764.599502284393,2.1220783106207188e-12
88.3,2.2260571409516439e-07,0.6883,9786.766574504323,2.2745583273139305e-11
88.4,5.321234228691113e-08,1.0000,9808.958779461855,5.424871638601228e-12
88.5,3.5545571729211894e-08,0.7994,9831.176117151623,3.6155970868224534e-12
88.6,8.228902248674533e-10,1.0000,9853.418587578019,8.351317033307124e-14
88.7,1.697918836405868e-08,0.7208,9875.686190740065,1.7192920103090368e-12
88.8,1.2247851495432681e-08,0.7071,9897.978926635324,1.2374093323712666e-12
88.9,1.016464582019568e-08,0.7077,9920.296795267695,1.0246312212195654e-12
89.0,4.262843186885632e-08,0.9095,9942.639796631818,4.2874360070146744e-12
89.1,1.1877532099284869e-07,0.6029,9965.007930733054,1.1919239986406237e-11
89.2,1.4564623673236077e-07,0.6613,9987.401197569941,1.458299650241329e-11
89.3,4.620055058015153e-08,0.8849,10009.819597139554,4.615522800566154e-12
89.4,2.1625458472110414e-07,0.6335,10032.263129446766,2.1555912353051445e-11
89.5,2.7332762662860035e-07,0.7441,10054.731794485731,2.7183979862943747e-11
89.6,2.761272921664876e-08,0.6385,10077.22559226132,2.740112242585262e-12
89.7,1.1423712189017555e-17,0.1882,10099.744522773537,1.1310892234213105e-21
89.8,3.042443527415698e-08,1.0000,10122.288586017501,3.0056874011855384e-12
89.9,7.255920583855298e-08,0.9599,10144.857781999557,7.152313753209807e-12
90.0,1.3504764275379257e-07,0.8273,10167.45211071336,1.3282348545462435e-11
90.1,4.632222835160586e-09,1.0000,10190.071572163792,4.5458197249707495e-13
90.2,4.9210582594993995e-08,0.8956,10212.716166350361,4.818559704727406e-12
90.3,2.620046436647047e-08,1.0000,10235.385893269167,2.5597925314862832e-12
90.4,2.1520617850044776e-09,1.0000,10258.080752926064,2.0979185452313907e-13
90.5,1.0971458525205003e-17,0.1950,10280.800745314222,1.0671793761011825e-21
90.6,4.6449387985651857e-08,0.7742,10303.545870439493,4.508097364705629e-12
90.7,6.046788109819308e-09,1.0000,10326.316128300905,5.855706947850577e-13
90.8,1.633458005752066e-07,0.5427,10349.111518894551,1.5783557871319036e-11
90.9,8.612564106808849e-09,1.0000,10371.9320422258,8.303722075834779e-13
91.0,1.0569031076734568e-17,0.1983,10394.777698289288,1.016763550265626e-21
91.1,8.59967194067809e-09,1.0000,10417.648487088913,8.254906998768553e-13
91.2,3.051057882916889e-09,1.0000,10440.544408625165,2.9223168481485917e-13
91.3,8.025897130056682e-10,1.0000,10463.465462893653,7.670400555646441e-14
91.4,2.6524481601799377e-08,1.0000,10486.411649899257,2.5294144925213e-12
91.5,3.8631273025900045e-08,0.8988,10509.382969637585,3.675884030252657e-12
91.6,5.5870458301449236e-08,0.7076,10532.379422112052,5.304637828006159e-12
91.7,2.812293399928751e-09,1.0000,10555.401007323144,2.6643169671882985e-13
91.8,1.1454253994885416e-07,0.9144,10578.447725265985,1.082791567568805e-11
91.9,1.1533349440850902e-07,0.9058,10601.51957594643,1.0878958774003192e-11
92.0,1.1126908485840139e-07,0.7225,10624.6165593596,1.047276240387052e-11
92.1,1.5676169204100046e-09,1.0000,10647.738675508906,1.4722533752783718e-13
92.2,2.2544257798635223e-07,0.8052,10670.885924394353,2.1126884832586913e-11
92.3,3.516781266240396e-08,0.8143,10694.058306012035,3.2885375837752027e-12
92.4,4.6747953716090874e-09,1.0000,10717.255820367322,4.3619331757715425e-13
92.5,3.5583651096143296e-08,1.0000,10740.478467455332,3.3130415189570117e-12
92.6,1.463099336675662e-08,0.7215,10763.726247278992,1.3592870192564822e-12
92.7,1.431206643240569e-08,0.8141,10786.999159839766,1.326788499779422e-12
92.8,3.2852606731055327e-08,0.8241,10810.297205131317,3.039010501530078e-12
92.9,6.617547896015298e-08,0.8927,10833.620383162417,6.1083438979459466e-12
93.0,5.0324085933926416e-08,1.0000,10856.968693924293,4.635187532786058e-12
93.1,2.8109131452404922e-08,0.9677,10880.342137422796,2.583478634897328e-12
93.2,4.249647560504262e-08,0.9987,10903.740713658412,3.897421694172352e-12
93.3,6.754173532072262e-08,0.6432,10927.16442262529,6.181085294266623e-12
93.4,4.9498869833073646e-08,0.6845,10950.613264330257,4.520191576330041e-12
93.5,5.6942553999733885e-08,0.8829,10974.087238766973,5.188819148309581e-12
93.6,9.872736637189397e-09,1.0000,10997.586345940805,8.977184926430163e-13
93.7,5.845427549978957e-10,1.0000,11021.110585850287,5.3038461999317446e-14
93.8,9.97444476634551e-08,0.9691,11044.659958492006,9.031011188965007e-12
93.9,2.8502161422146783e-08,0.6284,11068.234463872303,2.5751316992046347e-12
94.0,1.502950519909015e-07,0.7499,11091.834101983373,1.355006310128878e-11
94.1,1.5558113377572354e-09,1.0000,11115.458872831558,1.3996825102380207e-13
94.2,2.687629971170031e-09,0.7138,11139.108776416368,2.4127872571459754e-13
94.3,1.8091712798956878e-08,0.5897,11162.783812732927,1.620716937859211e-12
94.4,1.7313679872553807e-09,1.0000,11186.483981787576,1.5477320577888244e-13
94.5,3.606997062034692e-09,1.0000,11210.20928357349,3.217600109678671e-13
94.6,5.9505520542145194e-08,0.7074,11233.959718096514,5.29693198439097e-12
94.7,6.001641055760791e-08,0.8179,11257.735285356166,5.331126468720226e-12
94.8,8.360506107035917e-18,0.2214,11281.535985346592,7.410787075355027e-22
94.9,8.360506107035917e-18,0.2214,11305.36181807657,7.395168984037281e-22
95.0,3.697986192016027e-08,0.8674,11329.212783537323,3.264115753381943e-12
95.1,1.8610042485079704e-07,1.0000,11353.08888173519,1.6392052135713898e-11
95.2,1.2334092940848018e-08,1.0000,11376.990112668707,1.0841261896776672e-12
95.3,9.755581402373193e-09,1.0000,11400.916476334949,8.556839638833421e-13
95.4,7.832857254507254e-18,0.2205,11424.867972738793,6.855971791706881e-22
95.5,9.99970049042855e-08,0.6837,11448.844601874875,8.734244230016876e-12
95.6,7.841109415515783e-18,0.2242,11472.846363747094,6.834493522281278e-22
95.7,7.074050003336392e-08,0.7580,11496.873258355941,6.153020777362197e-12
95.8,1.7129743804522687e-09,1.0000,11520.92528569605,1.4868375047783996e-13
95.9,3.314157920195893e-08,0.9345,11545.002445775222,2.8706428913825617e-12
96.0,2.9368002040419948e-08,1.0000,11569.104738585656,2.5384852764337784e-12
96.1,1.7958483959898677e-08,0.7468,11593.232164132718,1.5490489369702136e-12
96.2,7.508888964380059e-18,0.2305,11617.384722415918,6.463493414220452e-22
96.3,9.077161750492995e-08,0.7456,11641.562413431842,7.797202323993827e-12
96.4,1.4533690305754525e-09,1.0000,11665.765237184882,1.2458411437449528e-13
96.5,4.2367162382121315e-08,1.0000,11689.993193670158,3.624224726243817e-12
96.6,9.73887151050895e-09,0.9294,11714.24628289206,8.313698786350408e-13
96.7,9.927261591895803e-09,1.0000,11738.5245048501,8.456992689152778e-13
96.8,4.7316305398362675e-09,1.0000,11762.827859540379,4.0225280828186424e-13
96.9,3.881080402577716e-08,0.8290,11787.156346968259,3.2926350413396843e-12
97.0,6.257869186719525e-09,1.0000,11811.509967128375,5.298111083286792e-13
97.1,1.0128426370929308e-08,0.6863,11835.888720024632,8.557385601128084e-13
97.2,3.141841443051036e-08,0.5769,11860.292605658,2.649042099983443e-12
97.3,9.705207000771907e-08,0.5047,11884.721624022632,8.166120593985758e-12
97.4,1.495510849248895e-09,1.0000,11909.175775125354,1.2557635200687542e-13
97.5,1.1439668324775444e-07,0.6514,11933.655058960312,9.586055796196354e-12
97.6,8.271876135777068e-08,0.6344,11958.159475531407,6.917348905325144e-12
97.7,5.267942693067832e-09,0.5951,11982.689024839132,4.3962942559452383e-13
97.8,6.44761015567361e-09,1.0000,12007.243706878604,5.369767044854733e-13
97.9,3.177865111510565e-09,1.0000,12031.823521656166,2.6412165253177976e-13
98.0,1.3749490283935832e-07,0.9925,12056.428469165478,1.1404281391541773e-11
98.1,7.271866930572843e-18,0.2505,12081.058549411415,6.019229938197036e-22
98.2,7.271866930572843e-18,0.2505,12105.71376239398,6.006970818327681e-22
98.3,9.42704163040616e-09,0.7748,12130.394108108294,7.771422384458938e-13
98.4,2.247142733848879e-08,0.7359,12155.099586560696,1.848724247667568e-12
98.5,1.0378340570867284e-08,1.0000,12179.830197744363,8.520923857205575e-13
98.6,7.320508672033549e-18,0.2575,12204.58594166514,5.998162253945972e-22
98.7,7.320508672033549e-18,0.2575,12229.366818322545,5.986007927299768e-22
98.8,7.094636355176171e-09,0.9407,12254.172827711212,5.789567729233079e-13
98.9,8.457926636522118e-08,1.0000,12279.003969838457,6.88812110273582e-12
99.0,2.4421502065071005e-08,0.7119,12303.860244697451,1.9848650406766326e-12
99.1,4.1750746511769015e-08,1.0000,12328.741652292583,3.386456435641612e-12
99.2,7.094851714063701e-18,0.2556,12353.64819262483,5.743122682010122e-22
99.3,2.0771168921441117e-08,1.0000,12378.57986568785,1.6779928834176414e-12
99.4,1.8228759363748557e-09,1.0000,12403.536671490423,1.469642074397009e-13
99.5,6.925051020286806e-18,0.2596,12428.518610023284,5.571903810565105e-22
99.6,6.955573248073984e-18,0.2587,12453.525681293744,5.585224157462369e-22
99.7,1.0529483353751825e-07,0.6443,12478.557885300344,8.438061072870835e-12
99.8,1.0371977694644814e-08,1.0000,12503.615222038694,8.29518304143214e-13
99.9,1.50677803468284e-08,0.5787,12528.697691515134,1.2026613394170105e-12
100.0,9.695692053559227e-08,0.8797,12553.80529372332,7.723309249034555e-12
100.1,3.0574697043410717e-08,0.7802,12578.938028668135,2.430626255867482e-12
100.2,7.541192797509526e-08,0.9713,12604.095896349578,5.983128706354591e-12
100.3,1.232635959897763e-08,0.8019,12629.278896762768,9.76014521473369e-13
100.4,7.153644690359334e-08,1.0000,12654.487029914048,5.653049920908507e-12
100.5,7.012917446398959e-18,0.2715,12679.720295797077,5.530813994945549e-22
100.6,7.012917446398959e-18,0.2715,12704.978694416246,5.519818344505441e-22
100.7,7.012917446398959e-18,0.2715,12730.262225773015,5.508855451697592e-22
100.8,1.1987071460714794e-08,0.9096,12755.570889860071,9.39751859342008e-13
100.9,7.529876666873871e-08,0.8939,12780.90468668668,5.891505219280308e-12
101.0,3.733353994772624e-07,1.0000,12806.263616244063,2.915256242294641e-11
101.1,3.957415339166683e-08,1.0000,12831.647678538073,3.0841053606745824e-12
101.2,5.756151502057517e-09,1.0000,12857.056873569683,4.477036664503264e-13
101.3,7.189462788971674e-08,0.5988,12882.49120133158,5.580801629601381e-12
101.4,2.2747869837754297e-09,1.0000,12907.950661832543,1.7623145946023298e-13
101.5,1.404374883662426e-08,0.9445,12933.435255064767,1.0858483117333186e-12
101.6,1.256893201865891e-07,0.5165,12958.944981034105,9.699039572321672e-12
101.7,5.474334819644107e-08,0.8520,12984.47983973958,4.21606016352666e-12
101.8,2.1664223071865774e-09,1.0000,13010.03983117632,1.6651926783460875e-13
101.9,3.806438969967959e-08,0.9471,13035.624955352123,2.9200279871546352e-12
102.0,6.364638249732589e-08,1.0000,13061.23521225919,4.872922159581645e-12
102.1,1.933492092242428e-11,1.0000,13086.870601902392,1.47742890646551e-15
102.2,5.8509975139337045e-18,0.2819,13112.531124283685,4.46214194534721e-22
102.3,1.6087308898475094e-08,1.0000,13138.216779395265,1.2244666965538965e-12
102.4,1.4904694934726297e-08,0.7141,13163.92756724591,1.1322376895943814e-12
102.5,1.7329636008311696e-08,0.7288,13189.66348782684,1.3138800716413857e-12
102.6,3.663734339858449e-07,0.9938,13215.424541145861,2.772316794251681e-11
102.7,2.433379226360433e-08,1.0000,13241.21072720102,1.83773166706094e-12
102.8,3.303370397738719e-08,1.0000,13267.022045986465,2.4899109885311857e-12
102.9,7.4046454737753e-08,0.9739,13292.858497512925,5.5703936630038586e-12
103.0,4.9934971580321465e-18,0.3132,13318.720081768699,3.749232003807546e-22
103.1,4.9934971580321465e-18,0.3132,13344.606798761584,3.741959005113254e-22
103.2,9.360280375271929e-10,1.0000,13370.51864849256,7.000686077594484e-14
103.3,4.621396156542043e-09,1.0000,13396.455630952845,3.449715569440764e-13
103.4,1.2495220544881668e-07,0.9408,13422.417746153173,9.309217445912652e-12
103.5,4.875137871253843e-18,0.3175,13448.404994083787,3.6250677112999724e-22
103.6,5.314284010048106e-09,1.0000,13474.417374751512,3.9439805538501874e-13
103.7,5.535349908097433e-09,1.0000,13500.45488815733,4.1001210358867764e-13
103.8,4.875363019181716e-18,0.3181,13526.517534292458,3.6043002249630654e-22
103.9,4.875363019181716e-18,0.3181,13552.605313166649,3.597362209349663e-22
104.0,4.875363019181716e-18,0.3181,13578.71822477308,3.590444207235319e-22
104.1,2.4750413820571045e-08,0.7072,13604.856269115648,1.819233759694831e-12
104.2,4.6178916800995125e-18,0.3181,13631.019446194354,3.3877815950066613e-22
104.3,4.6178916800995125e-18,0.3181,13657.207756006273,3.3812853715054747e-22
104.4,8.574954613813874e-09,0.7095,13683.421198554332,6.266674459103712e-13
104.5,7.71301982263727e-10,1.0000,13709.659773835603,5.6259746411484944e-14
104.6,1.080573007221049e-07,0.7125,13735.923481853011,7.866766356471264e-12
104.7,4.467590754684406e-18,0.3356,13762.21232260656,3.246273673125721e-22
104.8,4.467590754684406e-18,0.3356,13788.526296092345,3.240078496242573e-22
104.9,6.759244254969554e-09,1.0000,13814.86540231622,4.892732616733486e-13
105.0,7.777451286170045e-09,1.0000,13841.229641271357,5.619046492068507e-13
105.1,5.391578272590615e-08,0.9864,13867.619012963607,3.887890392395772e-12
105.2,2.921911073681413e-08,0.7073,13894.033517391996,2.1029969950942476e-12
105.3,4.452104492862946e-08,1.0000,13920.473154552623,3.198242217368098e-12
105.4,9.4308495670993e-09,1.0000,13946.937924451338,6.761949912005722e-13
105.5,7.350551236843953e-08,1.0000,13973.427827081316,5.260378003025255e-12
105.6,4.911455210923639e-09,1.0000,13999.942862448408,3.5081966113572337e-13
105.7,4.183953310767334e-18,0.3330,14026.483030551637,2.982895499644565e-22
105.8,2.0382446129449852e-08,1.0000,14053.04833138613,1.4503932277758999e-12
105.9,4.1635725287747426e-18,0.3325,14079.638764959687,2.957158630473332e-22
106.0,1.2966171275747943e-08,0.7643,14106.254331264505,9.191788954924958e-13
106.1,4.517926000124323e-09,1.0000,14132.895030306438,3.196744892278707e-13
106.2,5.070517327445071e-09,0.8989,14159.560862084509,3.580984874342079e-13
106.3,4.128498397228414e-18,0.3306,14186.251826593843,2.91021084899187e-22
106.4,1.1544606837244504e-10,1.0000,14212.967923841265,8.122586991756472e-15
106.5,8.237526393216067e-09,1.0000,14239.709153821901,5.784897924691908e-13
106.6,5.404147400390081e-09,1.0000,14266.4755165377,3.7880045384198734e-13
106.7,4.200996030003214e-18,0.3279,14293.267011990612,2.939143322851942e-22
106.8,4.200996030003214e-18,0.3279,14320.083640174786,2.933639310749122e-22
106.9,1.795270842609674e-08,1.0000,14346.925401099,1.251327927356584e-12
107.0,4.1830331409751615e-18,0.3288,14373.79229475155,2.910180594791644e-22
107.1,4.1830331409751615e-18,0.3288,14400.684321143166,2.904746085457626e-22
107.2,1.340628652953609e-08,1.0000,14427.60148027092,9.292110367664764e-13
107.3,9.401276876225324e-09,1.0000,14454.543772129935,6.504028784604115e-13
107.4,1.1794031585165367e-08,1.0000,14481.51119672704,8.144199472656507e-13
107.5,3.900394179173e-18,0.3496,14508.503754056383,2.68835039456257e-22
107.6,1.3774256556001758e-09,1.0000,14535.521444121863,9.476272735693318e-14
107.7,4.508998395332179e-08,1.0000,14562.564266924457,3.096294246455853e-12
107.8,3.752080428947373e-09,1.0000,14589.632222458315,2.5717443536182277e-13
107.9,3.940353041850118e-18,0.3508,14616.72531073026,2.695783739575014e-22
108.0,5.840709232533985e-10,1.0000,14643.843531734443,3.9885083583942127e-14
108.1,1.2174237912058862e-07,1.0000,14670.986885474766,8.298172445448883e-12
108.2,7.06980155982785e-09,1.0000,14698.155371951225,4.809992397630582e-13
108.3,3.833985329491088e-18,0.3494,14725.348991159923,2.603663472962676e-22
108.4,3.833985329491088e-18,0.3494,14752.567743107686,2.5988596671805173e-22
108.5,3.833985329491088e-18,0.3494,14779.811627785735,2.5940691438064583e-22
108.6,5.964951732557988e-08,0.9068,14807.080645200896,4.0284454954267305e-12
108.7,3.634621733880559e-08,1.0000,14834.3747953522,2.45013476066368e-12
108.8,3.538170319388241e-18,0.3514,14861.694078235738,2.380731497205105e-22
108.9,2.5642586957364902e-08,1.0000,14889.038493858341,1.7222459978152617e-12
109.0,3.56381760508497e-18,0.3521,14916.408042210256,2.389192890808649e-22
109.1,2.8254596591890948e-08,1.0000,14943.80272330026,1.890723339638083e-12
109.2,1.175732268388188e-07,0.9412,14971.222537127378,7.853281623945342e-12
109.3,2.085359264112297e-07,0.9498,14998.667483684783,1.3903630215022132e-11
109.4,2.3809687043679566e-18,0.3833,15026.137562982227,1.584551382142017e-22
109.5,1.1951439353868956e-08,1.0000,15053.632775008984,7.939239340094652e-13
109.6,3.954566728427084e-09,0.6065,15081.153119773828,2.6221912190799313e-13
109.7,1.8296695303723863e-08,0.6187,15108.698597275788,1.2110040574257596e-12
109.8,2.1840327907623087e-18,0.4061,15136.269207507059,1.4429135481279e-22
109.9,4.516105238620661e-08,1.0000,15163.864950479343,2.9782019645841695e-12
110.0,2.42432436404384e-18,0.4082,15191.485826181915,1.5958441404497868e-22
110.1,2.42432436404384e-18,0.4082,15219.131834620626,1.5929452418100246e-22
110.2,2.42432436404384e-18,0.4082,15246.802975797427,1.590054234905626e-22
110.3,5.572097965542288e-10,1.0000,15274.499249704515,3.6479742310701806e-14
110.4,1.2892459801970703e-08,0.8443,15302.220656350666,8.425221470466854e-13
110.5,2.4108742226135703e-18,0.4099,15329.967195727104,1.5726545215866798e-22
110.6,5.274109788483458e-08,1.0000,15357.738867841632,3.4341707681507666e-12
110.7,1.68348000190103e-07,0.8366,15385.535672692296,1.094196547793282e-11
110.8,1.2380101430456654e-08,1.0000,15413.357610274224,8.032060076387468e-13
110.9,1.7170270431539655e-18,0.4763,15441.204680595218,1.1119773869144638e-22
111.0,1.7170270431539655e-18,0.4763,15469.076883647473,1.1099738245978034e-22
111.1,1.2138507914809603e-09,1.0000,15496.974219435866,7.832824487496295e-14
111.2,1.7182506731967483e-18,0.4760,15524.896687961373,1.1067710837194485e-22
111.3,1.7182506731967483e-18,0.4760,15552.844289218141,1.104782277276388e-22
111.4,1.7182506731967483e-18,0.4760,15580.817023213976,1.102798826683295e-22
111.5,2.2058329836045285e-09,1.0000,15608.814889940097,1.413196965405869e-13
111.6,1.716048139119739e-18,0.4765,15636.83788940333,1.0974393616260861e-22
111.7,1.716048139119739e-18,0.4765,15664.886021604654,1.095474385675711e-22
111.8,1.716048139119739e-18,0.4765,15692.95928653529,1.0935146824679044e-22
111.9,1.716048139119739e-18,0.4765,15721.057684205964,1.0915602331538756e-22
112.0,1.716048139119739e-18,0.4765,15749.181214606926,1.0896110189704035e-22
112.1,1.716048139119739e-18,0.4765,15777.329877745,1.0876670212368078e-22
112.2,1.716048139119739e-18,0.4765,15805.503673621166,1.0857282213560605e-22
112.3,1.716048139119739e-18,0.4765,15833.702602225667,1.0837946008146715e-22
112.4,1.716048139119739e-18,0.4765,15861.926663572158,1.0818661411799007e-22
112.5,1.716048139119739e-18,0.4765,15890.175857646984,1.0799428241027984e-22
112.6,1.036620216084288e-08,0.7200,15918.450184459902,6.512067469333601e-13
112.7,1.4927601289127192e-18,0.5372,15946.749644010906,9.360905276852783e-23
112.8,1.4927601289127192e-18,0.5372,15975.07423629025,9.34430793142511e-23
112.9,1.4927601289127192e-18,0.5372,16003.42396131158,9.327754688755856e-23
113.0,1.4927601289127192e-18,0.5372,16031.798819061249,9.311245392737086e-23
113.1,1.4927601289127192e-18,0.5372,16060.198809549007,9.294779887937378e-23
113.2,1.4927601289127192e-18,0.5372,16088.623932773879,9.278358019618082e-23
113.3,1.4927601289127192e-18,0.5372,16117.074188729037,9.261979633726781e-23
113.4,9.536590780876427e-08,1.0000,16145.549577424235,5.9066374514814366e-12
113.5,1.39738550885805e-18,0.5698,16174.050098848744,8.63967590255897e-23
113.6,1.39738550885805e-18,0.5698,16202.575753011342,8.62446520947966e-23
113.7,1.39738550885805e-18,0.5698,16231.126539911056,8.609294650140208e-23
113.8,1.39738550885805e-18,0.5698,16259.702459541055,8.594164083476669e-23
113.9,4.3229674726678114e-08,1.0000,16288.303511910119,2.6540317532190064e-12
114.0,1.3541571067066165e-18,0.5871,16316.929697010444,8.29909261026431e-23
114.1,1.3541571067066165e-18,0.5871,16345.58101484691,8.284545562966635e-23
114.2,1.3541571067066165e-18,0.5871,16374.257465422439,8.270036730313991e-23
114.3,1.3541571067066165e-18,0.5871,16402.959048726305,8.255565978577305e-23
114.4,1.3541571067066165e-18,0.5871,16431.68576477021,8.241133174600688e-23
114.5,1.3541571067066165e-18,0.5871,16460.437613545375,8.226738185820004e-23
114.6,1.3541571067066165e-18,0.5871,16489.21459505668,8.212380880242658e-23
114.7,1.3541571067066165e-18,0.5871,16518.016709306077,8.198061126452902e-23
114.8,1.3541571067066165e-18,0.5871,16546.843956285757,8.183778793612204e-23
114.9,1.3541571067066165e-18,0.5871,16575.696336004505,8.169533751443167e-23
115.0,1.3541571067066165e-18,0.5871,16604.573848453536,8.155325870243492e-23
115.1,1.3541571067066165e-18,0.5871,16633.47649364066,8.141155020866144e-23
115.2,1.3541571067066165e-18,0.5871,16662.40427156392,8.12702107472943e-23
115.3,1.3541571067066165e-18,0.5871,16691.357182217467,8.112923903811128e-23
115.4,1.3541571067066165e-18,0.5871,16720.33522561203,8.098863380635654e-23
115.5,1.3541571067066165e-18,0.5871,16749.338401735902,8.084839378290139e-23
115.6,1.3541571067066165e-18,0.5871,16778.366710596893,8.07085177040121e-23
115.7,1.3541571067066165e-18,0.5871,16807.42015219597,8.056900431144928e-23
115.8,1.3541571067066165e-18,0.5871,16836.498726524358,8.042985235245296e-23
115.9,1.3541571067066165e-18,0.5871,16865.602433592787,8.029106057957443e-23
116.0,1.3541571067066165e-18,0.5871,16894.731273391502,8.015262775083954e-23
116.1,1.3541571067066165e-18,0.5871,16923.88524592733,8.001455262954406e-23
116.2,1.3541571067066165e-18,0.5871,16953.064351201247,7.987683398433302e-23
116.3,1.3541571067066165e-18,0.5871,16982.26858920448,7.973947058919122e-23
116.4,1.3541571067066165e-18,0.5871,17011.497959946773,7.960246122328275e-23
116.5,7.073550762278936e-09,1.0000,17040.752463421304,4.1509615126812106e-13
116.6,1.3470796305391604e-18,0.5892,17070.032099631975,7.891488561220708e-23
116.7,1.3470796305391604e-18,0.5892,17099.336868579758,7.877964162542677e-23
116.8,1.3470796305391604e-18,0.5892,17128.666770257827,7.864474501180827e-23
116.9,1.3470796305391604e-18,0.5892,17158.021804674965,7.851019458269532e-23
117.0,1.3470796305391604e-18,0.5892,17187.401971824336,7.837598915458288e-23
117.1,1.3470796305391604e-18,0.5892,17216.807271709848,7.824212754897026e-23
117.2,1.3470796305391604e-18,0.5892,17246.237704331495,7.810860859240235e-23
117.3,1.3470796305391604e-18,0.5892,17275.693269685384,7.797543111644358e-23
117.4,1.3470796305391604e-18,0.5892,17305.173967777362,7.784259395759061e-23
117.5,1.3470796305391604e-18,0.5892,17334.6797986006,7.771009595734835e-23
117.6,1.2974002508021754e-08,1.0000,17364.21076216095,7.471691449572775e-13
117.7,1.4809643353002921e-18,0.5607,17393.766858457442,8.514339345535133e-23
117.8,8.394395764700833e-09,1.0000,17423.34808748617,4.817900510596968e-13
117.9,1.3684491056063206e-18,0.5832,17452.95444925299,7.840787699213253e-23
118.0,1.3684491056063206e-18,0.5832,17482.585943751066,7.827498231721582e-23
118.1,2.618137573780306e-09,1.0000,17512.242570985287,1.495032725345011e-13
118.2,1.3710627793777048e-18,0.5825,17541.92433095857,7.815920041098387e-23
118.3,1.3710627793777048e-18,0.5825,17571.631223660188,7.802706316369592e-23
118.4,1.3710627793777048e-18,0.5825,17601.363249101847,7.789526072349348e-23
118.5,1.3710627793777048e-18,0.5825,17631.120407274768,7.77637919602654e-23
118.6,1.3710627793777048e-18,0.5825,17660.902698183825,7.763265574860448e-23
118.7,1.3710627793777048e-18,0.5825,17690.710121831948,7.750185096785281e-23
118.8,2.780811846188033e-08,1.0000,17720.542678207436,1.5692588521049362e-12
118.9,1.1911793740482791e-18,0.6533,17750.400367325885,6.710718346617955e-23
119.0,1.1911793740482791e-18,0.6533,17780.283189171696,6.699439831046757e-23
119.1,1.1911793740482791e-18,0.6533,17810.191143756572,6.688189724824213e-23
119.2,1.1911793740482791e-18,0.6533,17840.124231077585,6.676967932618084e-23
119.3,1.1911793740482791e-18,0.6533,17870.082451129863,6.665774359496393e-23
119.4,1.1911793740482791e-18,0.6533,17900.065803922178,6.654608910919609e-23
119.5,1.1911793740482791e-18,0.6533,17930.07428944283,6.64347149275138e-23
119.6,1.1911793740482791e-18,0.6533,17960.107907702546,6.63236201124058e-23
119.7,1.1911793740482791e-18,0.6533,17990.166658698403,6.62128037303275e-23
119.8,1.1911793740482791e-18,0.6533,18020.250542424543,6.610226485164126e-23
119.9,1.1911793740482791e-18,0.6533,18050.3595588917,6.599200255052525e-23
120.0,1.1911793740482791e-18,0.6533,18080.493708088172,6.588201590509743e-23
120.1,1.1911793740482791e-18,0.6533,18110.652990021754,6.577230399724246e-23
120.2,1.1911793740482791e-18,0.6533,18140.83740469245,6.566286591269262e-23
120.3,1.1911793740482791e-18,0.6533,18171.046952094406,6.555370074100122e-23
120.4,1.1911793740482791e-18,0.6533,18201.28163223543,6.544480757545323e-23
120.5,1.1911793740482791e-18,0.6533,18231.541445105766,6.53361855131591e-23
120.6,1.1911793740482791e-18,0.6533,18261.826390715163,6.52278336549026e-23
120.7,1.1911793740482791e-18,0.6533,18292.136469059726,6.511975110524143e-23
120.8,1.1911793740482791e-18,0.6533,18322.471680136525,6.501193697243599e-23
120.9,1.1911793740482791e-18,0.6533,18352.83202395239,6.490439036840003e-23
121.0,1.2306096285469146e-18,0.6350,18383.21750049854,6.694201537426957e-23
121.1,1.270030094005208e-18,0.6194,18413.628109781806,6.897228978630965e-23
121.2,1.270030094005208e-18,0.6194,18444.06385180121,6.885847415244007e-23
121.3,1.270030094005208e-18,0.6194,18474.52472655285,6.874494000810933e-23
121.4,1.270030094005208e-18,0.6194,18505.010734043557,6.863168642581445e-23
121.5,1.270030094005208e-18,0.6194,18535.521874263573,6.851871248193096e-23
121.6,1.270030094005208e-18,0.6194,18566.058147221676,6.840601725656353e-23
121.7,1.270030094005208e-18,0.6194,18596.619552916898,6.829359983363225e-23
121.8,1.270030094005208e-18,0.6194,18627.206091342403,6.81814593008393e-23
121.9,1.270030094005208e-18,0.6194,18657.81776250795,6.8069594749568e-23
122.0,1.270030094005208e-18,0.6194,18688.45456640281,6.795800527500043e-23
122.1,1.270030094005208e-18,0.6194,18719.116503035755,6.784668997595276e-23
122.2,1.270030094005208e-18,0.6194,18749.803572405817,6.773564795496405e-23
122.3,1.270030094005208e-18,0.6194,18780.515774505187,6.762487831826704e-23
122.4,1.3328953110832214e-09,1.0000,18811.25310934655,7.085627434468784e-14
122.5,1.26869878451866e-18,0.6199,18842.015576915277,6.73334962143347e-23
122.6,5.124738821900866e-09,1.0000,18872.803177223064,2.7154094565484247e-13
122.7,1.1847186074223855e-18,0.6566,18903.615910267967,6.267153400947362e-23
122.8,1.1847186074223855e-18,0.6566,18934.453776043156,6.256946312976572e-23
122.9,1.1847186074223855e-18,0.6566,18965.316774557406,6.246764140590176e-23
123.0,1.1847186074223855e-18,0.6566,18996.204905801947,6.236606802764803e-23
123.1,3.2851921498231364e-08,1.0000,19027.118169784575,1.7265841944683374e-12
123.2,1.2175706268110202e-18,0.6525,19058.056566503343,6.388744951838563e-23
123.3,1.2175706268110202e-18,0.6525,19089.020095953376,6.378382026373001e-23
123.4,2.8226991498125765e-09,1.0000,19120.008758143445,1.476306410482346e-13
123.5,1.2848898572447632e-18,0.6230,19151.02255306185,6.709249355666056e-23
123.6,1.2848898572447632e-18,0.6230,19182.06148071932,6.6983929674934e-23
123.7,1.786666276148825e-08,1.0000,19213.125541112928,9.29919638699936e-13
123.8,3.0185484799402337e-09,1.0000,19244.2147342378,1.5685485334820488e-13
123.9,3.0762548727578743e-09,1.0000,19275.329060101736,1.5959545298375507e-13
124.0,1.5432030537964005e-18,0.6528,19306.468518695958,7.993191775606174e-23
124.1,1.5432030537964005e-18,0.6528,19337.633110027295,7.980309922191001e-23
124.2,1.5432030537964005e-18,0.6528,19368.822834096718,7.967459184353519e-23
124.3,1.1020599507723162e-08,1.0000,19400.037690895457,5.680710359080998e-13
124.4,1.4077814697015335e-18,0.6477,19431.277680434232,7.244924872434193e-23
124.5,3.9332755656826625e-09,1.0000,19462.542802703298,2.0209463920286615e-13
124.6,1.3381422367066744e-18,0.6477,19493.833057709475,6.864438782999951e-23
124.7,2.3582777088545908e-09,1.0000,19525.14844545374,1.2078155080063914e-13
124.8,1.3357830779841888e-18,0.6488,19556.488965926343,6.830382899054887e-23
124.9,1.3357830779841888e-18,0.6488,19587.854619140937,6.819445538864084e-23
125.0,1.3357830779841888e-18,0.6488,19619.245405083864,6.808534428332561e-23
125.1,1.3357830779841888e-18,0.6488,19650.66132376488,6.797649483525195e-23
125.2,1.3357830779841888e-18,0.6488,19682.10237518399,6.786790620845462e-23
125.3,1.3357830779841888e-18,0.6488,19713.568559331434,6.775957757033771e-23
125.4,1.800928907927502e-07,1.0000,19745.05987622087,9.120908820825481e-12
125.5,1.155674524726891e-18,0.6641,19776.57632583864,5.843653146459788e-23
125.6,1.155674524726891e-18,0.6641,19808.117908194497,5.834347968257982e-23
125.7,1.155674524726891e-18,0.6641,19839.68462328747,5.825064998111819e-23
125.8,1.1663445786999575e-09,1.0000,19871.27647111073,5.86950003134229e-14
125.9,1.1545096289261617e-18,0.6647,19902.89345167403,5.800712503081083e-23
126.0,1.1545096289261617e-18,0.6647,19934.53556496664,5.791505024853051e-23
126.1,1.1545096289261617e-18,0.6647,19966.202810997343,5.78231945180012e-23
126.2,1.1545096289261617e-18,0.6647,19997.895189765157,5.773155714492568e-23
126.3,1.1545096289261617e-18,0.6647,20029.61270126326,5.764013743777218e-23
126.4,3.4185482464057863e-09,1.0000,20061.355345500426,1.704046505099435e-13
126.5,5.3952785298399905e-09,1.0000,20093.123122468853,2.6851368485403824e-13
126.6,1.072800509189292e-18,0.6829,20124.91603217342,5.330708001336357e-23
126.7,1.072800509189292e-18,0.6829,20156.73407461705,5.322293310106458e-23
126.8,1.072800509189292e-18,0.6829,20188.577249789018,5.313898527448255e-23
126.9,1.072800509189292e-18,0.6829,20220.445557701023,5.305523590605115e-23
127.0,1.072800509189292e-18,0.6829,20252.338998344294,5.297168437072862e-23
127.1,1.072800509189292e-18,0.6829,20284.2575717237,5.288833004589619e-23
127.2,1.072800509189292e-18,0.6829,20316.2012778412,5.280517231139028e-23
127.3,9.950657398313811e-08,1.0000,20348.17011668898,4.8901976645814305e-12
127.4,9.733027453424619e-19,0.7201,20380.16408827583,4.7757355687944494e-23
127.5,9.733027453424619e-19,0.7201,20412.183192592962,4.768244220420516e-23
127.6,9.733027453424619e-19,0.7201,20444.227429647213,4.760770484929287e-23
127.7,9.733027453424619e-19,0.7201,20476.296799440526,4.753314307150771e-23
127.8,9.733027453424619e-19,0.7201,20508.3913019612,4.7458756321339825e-23
127.9,9.733027453424619e-19,0.7201,20540.510937223862,4.738454405136662e-23
128.0,9.733027453424619e-19,0.7201,20572.65570521584,4.731050571636689e-23
128.1,9.733027453424619e-19,0.7201,20604.82560594493,4.72366407732004e-23
128.2,2.9892107260344713e-08,1.0000,20637.020639408205,1.4484700956911924e-12
128.3,2.35935450329224e-08,1.0000,20669.24080561445,1.1414809694661652e-12
128.4,7.64701232360939e-19,0.8854,20701.486104544154,3.6939436545721256e-23
128.5,7.64701232360939e-19,0.8854,20733.75653621097,3.688194327088813e-23
128.6,7.64701232360939e-19,0.8854,20766.052100614903,3.682458411718496e-23
128.7,7.64701232360939e-19,0.8854,20798.372797755947,3.676735866776304e-23
128.8,7.64701232360939e-19,0.8854,20830.718627634105,3.671026650739181e-23
128.9,7.64701232360939e-19,0.8854,20863.089590237672,3.6653307222472003e-23
129.0,7.64701232360939e-19,0.8854,20895.485685582258,3.6596480400959407e-23
129.1,7.64701232360939e-19,0.8854,20927.906913660056,3.6539785632446766e-23
129.2,7.64701232360939e-19,0.8854,20960.353274474965,3.648322250809458e-23
129.3,6.377393369298557e-08,1.0000,20992.82476802894,3.03789196535905e-12
129.4,8.28468998958509e-19,0.8314,21025.321394306375,3.940339286242051e-23
129.5,8.28468998958509e-19,0.8314,21057.843153324822,3.9342538213734494e-23
129.6,8.28468998958509e-19,0.8314,21090.39004507844,3.928182443225307e-23
129.7,8.28468998958509e-19,0.8314,21122.962069567213,3.9221251083536287e-23
129.8,8.28468998958509e-19,0.8314,21155.559226797006,3.9160817734806854e-23
129.9,8.28468998958509e-19,0.8314,21188.181516748304,3.9100523955000176e-23
130.0,8.28468998958509e-19,0.8314,21220.82893944257,3.904036931463391e-23
130.1,8.28468998958509e-19,0.8314,21253.501494870052,3.8980353385933896e-23
130.2,8.28468998958509e-19,0.8314,21286.19918303464,3.892047574274363e-23
130.3,8.28468998958509e-19,0.8314,21318.9220039383,3.8860735960545465e-23
130.4,8.28468998958509e-19,0.8314,21351.669957563467,3.8801133616485015e-23
130.5,4.603883563369734e-09,1.0000,21384.44304393355,2.1529125420340504e-13
130.6,8.330747424395438e-19,0.8281,21417.241263036845,3.8897387959919655e-23
130.7,8.330747424395438e-19,0.8281,21450.064614873354,3.8837866337330025e-23
130.8,8.330747424395438e-19,0.8281,21482.913099452824,3.877848123217342e-23
130.9,8.330747424395438e-19,0.8281,21515.78671675381,3.8719232227323075e-23
131.0,8.330747424395438e-19,0.8281,21548.685466797757,3.866011890716705e-23
131.1,8.330747424395438e-19,0.8281,21581.60934957492,3.8601140857734616e-23
131.2,8.330747424395438e-19,0.8281,21614.558365087243,3.8542297666611674e-23
131.3,8.330747424395438e-19,0.8281,21647.532513342532,3.848358892294423e-23
131.4,8.330747424395438e-19,0.8281,21680.53179431738,3.8425014217497125e-23
131.5,8.330747424395438e-19,0.8281,21713.556208035196,3.836657314250813e-23
131.6,2.58813416513127e-08,1.0000,21746.605754488173,1.19013247140746e-12
131.7,6.704484363294935e-19,1.0000,21779.680433674363,3.078320815455532e-23
131.8,6.704484363294935e-19,1.0000,21812.780245603517,3.0736496163281433e-23
131.9,6.704484363294935e-19,1.0000,21845.905190254183,3.068989041610377e-23
132.0,6.704484363294935e-19,1.0000,21879.055267647815,3.0643390591040474e-23
132.1,6.704484363294935e-19,1.0000,21912.230477774658,3.05969963673722e-23
132.2,6.704484363294935e-19,1.0000,21945.430820634712,3.055070742557893e-23
132.3,6.704484363294935e-19,1.0000,21978.656296239686,3.050452344733195e-23
132.4,6.704484363294935e-19,1.0000,22011.906904566167,3.0458444115553444e-23
132.5,6.704484363294935e-19,1.0000,22045.182645631714,3.041246911430529e-23
132.6,6.704484363294935e-19,1.0000,22078.483519434372,3.036659812886776e-23
132.7,6.704484363294935e-19,1.0000,22111.809525970246,3.032083084570958e-23
132.8,7.216627375921454e-08,1.0000,22145.160665249085,3.258783029398393e-12
132.9,1.0270856907909236e-18,1.0000,22178.53693724943,4.630989382649071e-23
133.0,1.0270856907909236e-18,1.0000,22211.938341990794,4.624025490153908e-23
133.1,1.0270856907909236e-18,1.0000,22245.364879467317,4.617077293881268e-23
133.2,1.0270856907909236e-18,1.0000,22278.816549679006,4.610144746695362e-23
133.3,1.0270856907909236e-18,1.0000,22312.29335263171,4.603227801635998e-23
133.4,1.0270856907909236e-18,1.0000,22345.795288307876,4.5963264119238204e-23
133.5,1.0270856907909236e-18,1.0000,22379.322356723103,4.5894405309478496e-23
133.6,1.0270856907909236e-18,1.0000,22412.874557875446,4.58257011227516e-23
133.7,1.0270856907909236e-18,1.0000,22446.451891761,4.5757151096468694e-23
133.8,1.0270856907909236e-18,1.0000,22480.05435838757,4.568875476974574e-23
133.9,1.0270856907909236e-18,1.0000,22513.681957739547,4.562051168346729e-23
134.0,1.0270856907909236e-18,1.0000,22547.334689828644,4.5552421380175525e-23
134.1,1.0270856907909236e-18,1.0000,22581.01255465485,4.548448340414213e-23
134.2,1.0270856907909236e-18,1.0000,22614.71555221622,4.5416697301340595e-23
134.3,1.0270856907909236e-18,1.0000,22648.44368252056,4.534906261941521e-23
134.4,1.0270856907909236e-18,1.0000,22682.196945542502,4.5281578907759464e-23
134.5,1.0270856907909236e-18,1.0000,22715.975341309364,4.5214245717336725e-23
134.6,6.359440269310846e-08,1.0000,22749.778869809437,2.7953855313074155e-12
134.7,3.7145590373154787e-07,1.0000,22783.607531046626,1.6303647401991744e-11
134.8,2.1037137147540403e-08,1.0000,22817.461325022876,9.2197536123223e-13
134.9,1.422347561730821e-19,1.0000,22851.340251720638,6.22435072106426e-24
135.0,1.422347561730821e-19,1.0000,22885.244311163315,6.215129462423989e-24
135.1,1.422347561730821e-19,1.0000,22919.173503337253,6.205928680297801e-24
135.2,1.422347561730821e-19,1.0000,22953.127828248307,6.196748314102728e-24
135.3,1.422347561730821e-19,1.0000,22987.107285900376,6.18758830348022e-24
135.4,1.422347561730821e-19,1.0000,23021.111876275903,6.178448588300385e-24
135.5,1.422347561730821e-19,1.0000,23055.141599388546,6.169329108646827e-24
135.6,1.422347561730821e-19,1.0000,23089.196455240253,6.1602298048272245e-24
135.7,1.422347561730821e-19,1.0000,23123.276443825172,6.151150617371286e-24
135.8,1.422347561730821e-19,1.0000,23157.381565151103,6.142091487024043e-24
135.9,1.422347561730821e-19,1.0000,23191.51181919855,6.133052354755778e-24
136.0,1.422347561730821e-19,1.0000,23225.667205990907,6.124033161742436e-24
136.1,1.422347561730821e-19,1.0000,23259.84772551453,6.115033849385862e-24
136.2,1.422347561730821e-19,1.0000,23294.053377775264,6.106054359297878e-24
136.3,1.422347561730821e-19,1.0000,23328.284162777014,6.097094633305015e-24
136.4,1.422347561730821e-19,1.0000,23362.540080498326,6.088154613453668e-24
136.5,1.422347561730821e-19,1.0000,23396.82113096455,6.079234241990309e-24
136.6,1.422347561730821e-19,1.0000,23431.127314163987,6.0703334613824565e-24
136.7,1.422347561730821e-19,1.0000,23465.45863009859,6.061452214304515e-24
136.8,1.422347561730821e-19,1.0000,23499.815078774205,6.052590443639412e-24
136.9,1.422347561730821e-19,1.0000,23534.196660173282,6.043748092484701e-24
137.0,1.422347561730821e-19,1.0000,23568.60337431142,6.03492510413709e-24
137.1,1.422347561730821e-19,1.0000,23603.035221186678,6.026121422104587e-24
137.2,1.422347561730821e-19,1.0000,23637.492200795143,6.017336990101575e-24
137.3,1.422347561730821e-19,1.0000,23671.974313146577,6.008571752043933e-24
137.4,1.422347561730821e-19,1.0000,23706.48155821952,5.9998256520595495e-24
137.5,1.422347561730821e-19,1.0000,23741.013936033476,5.991098634469103e-24
137.6,1.422347561730821e-19,1.0000,23775.571446582595,5.982390643802017e-24
137.7,1.422347561730821e-19,1.0000,23810.15408986688,5.973701624787651e-24
137.8,1.422347561730821e-19,1.0000,23844.76186589218,5.9650315223544475e-24
137.9,1.422347561730821e-19,1.0000,23879.394774638986,5.956380281636867e-24
138.0,1.422347561730821e-19,1.0000,23914.05281612876,5.94774784795793e-24
138.1,1.422347561730821e-19,1.0000,23948.735990351743,5.9391341668464005e-24
138.2,1.422347561730821e-19,1.0000,23983.444297311846,5.930539184024719e-24
138.3,1.422347561730821e-19,1.0000,24018.177737011007,5.921962845412052e-24
138.4,1.422347561730821e-19,1.0000,24052.936309433633,5.913405097127256e-24
138.5,1.422347561730821e-19,1.0000,24087.72001459727,5.904865885475553e-24
138.6,1.422347561730821e-19,1.0000,24122.528852496074,5.896345156961617e-24
138.7,1.422347561730821e-19,1.0000,24157.36282312809,5.887842858282012e-24
138.8,1.422347561730821e-19,1.0000,24192.22192650502,5.879358936321992e-24
138.9,1.422347561730821e-19,1.0000,24227.10616260151,5.870893338167009e-24
139.0,1.422347561730821e-19,1.0000,24262.015531439014,5.862446011081502e-24
139.1,1.422347561730821e-19,1.0000,24296.950033013632,5.854016902525615e-24
139.2,1.422347561730821e-19,1.0000,24331.909667319516,5.8456059601486744e-24
139.3,1.422347561730821e-19,1.0000,24366.89443437226,5.837213131782763e-24
139.4,1.422347561730821e-19,1.0000,24401.90433414067,5.828838365458291e-24
139.5,1.422347561730821e-19,1.0000,24436.93936665594,5.820481609377015e-24
139.6,1.422347561730821e-19,1.0000,24471.999531902475,5.8121428119373886e-24
139.7,1.422347561730821e-19,1.0000,24507.08482988612,5.803821921717445e-24
139.8,1.422347561730821e-19,1.0000,24542.195260612734,5.795518887479139e-24
139.9,1.422347561730821e-19,1.0000,24577.330824056957,5.7872336581749094e-24
140.0,1.422347561730821e-19,1.0000,24612.491520244144,5.7789661829275544e-24
140.1,1.422347561730821e-19,1.0000,24647.677349168443,5.7707164110487995e-24
140.2,1.422347561730821e-19,1.0000,24682.888310824008,5.7624842920311284e-24
140.3,1.422347561730821e-19,1.0000,24718.124405224487,5.754269775542476e-24
140.4,1.422347561730821e-19,1.0000,24753.385632346475,5.7460728114386466e-24
140.5,1.422347561730821e-19,1.0000,24788.671992207528,5.73789334974437e-24
140.6,1.422347561730821e-19,1.0000,24823.983484805696,5.7297313406666334e-24
140.7,1.422347561730821e-19,1.0000,24859.320110137076,5.721586734589815e-24
140.8,1.422347561730821e-19,1.0000,24894.68186821337,5.713459482070897e-24
140.9,1.422347561730821e-19,1.0000,24930.068759007274,5.705349533851264e-24
141.0,1.422347561730821e-19,1.0000,24965.480782544146,5.697256840834909e-24
141.1,1.422347561730821e-19,1.0000,25000.917938816176,5.689181354107397e-24
141.2,1.422347561730821e-19,1.0000,25036.380227825324,5.681123024925265e-24
141.3,1.422347561730821e-19,1.0000,25071.867649573534,5.673081804717547e-24
141.4,1.422347561730821e-19,1.0000,25107.380204043257,5.665057645089424e-24
141.5,1.422347561730821e-19,1.0000,25142.91789125399,5.657050497808718e-24
141.6,1.422347561730821e-19,1.0000,25178.48071120184,5.6490603148188454e-24
141.7,1.1753113396534706e-08,1.0000,25214.068663884853,4.661331557873155e-13
141.8,2.4566477752539923e-19,1.0000,25249.68174930693,9.729420749318649e-24
141.9,2.4566477752539923e-19,1.0000,25285.319967452466,9.715707684997522e-24
142.0,2.4566477752539923e-19,1.0000,25320.98331833902,9.70202359193032e-24
142.1,2.4566477752539923e-19,1.0000,25356.671801960732,9.688368388567578e-24
142.2,2.68169781272262e-09,1.0000,25392.385418317608,1.0561031460983148e-13
142.3,2.4834795348321356e-19,1.0000,25428.124167415503,9.766664337806537e-24
142.4,2.4834795348321356e-19,1.0000,25463.888049234905,9.752947114872172e-24
142.5,2.4834795348321356e-19,1.0000,25499.677063797273,9.739258770292478e-24
142.6,2.4834795348321356e-19,1.0000,25535.491211092853,9.725599223066008e-24
142.7,2.4834795348321356e-19,1.0000,25571.330491125547,9.711968392469916e-24
142.8,2.4834795348321356e-19,1.0000,25607.194903897307,9.698366198064748e-24
142.9,2.4834795348321356e-19,1.0000,25643.084449390575,9.684792559699879e-24
143.0,2.4834795348321356e-19,1.0000,25678.999127628762,9.671247397489451e-24
143.1,2.4834795348321356e-19,1.0000,25714.938938598207,9.657730631840718e-24
143.2,3.834249633580329e-08,1.0000,25750.903882304767,1.4889767175182957e-12
143.3,2.866916245038579e-19,1.0000,25786.89395875429,1.111772611941618e-23
143.4,7.496701609153941e-09,1.0000,25822.90916792143,2.903120465786534e-13
143.5,2.0251175098460104e-19,1.0000,25858.949509833477,7.831398986551683e-24
143.6,2.0251175098460104e-19,1.0000,25895.01498447874,7.820491747387863e-24
143.7,2.0251175098460104e-19,1.0000,25931.105591859166,7.809607279073275e-24
143.8,2.0251175098460104e-19,1.0000,25967.221331982557,7.798745518265261e-24
143.9,2.0251175098460104e-19,1.0000,26003.36220482551,7.78790640185062e-24
144.0,1.6523116974512646e-08,1.0000,26039.528210411423,6.345397981483467e-13
144.1,1.0737108899411226e-09,1.0000,26075.719348732506,4.117665463343445e-14
144.2,1.277293561939167e-08,1.0000,26111.935619786796,4.891608115682066e-13
144.3,2.3287441741419835e-19,1.0000,26148.177023586006,8.905952304213885e-24
144.4,2.3287441741419835e-19,1.0000,26184.44356010087,8.893617192195977e-24
144.5,2.3287441741419835e-19,1.0000,26220.735229364553,8.881307689397004e-24
144.6,2.3287441741419835e-19,1.0000,26257.052031359497,8.869023724981395e-24
144.7,2.3287441741419835e-19,1.0000,26293.393966087657,8.856765228351731e-24
144.8,2.3287441741419835e-19,1.0000,26329.76103356073,8.844532129151092e-24
144.9,2.3287441741419835e-19,1.0000,26366.153233755314,8.832324357277135e-24
145.0,2.3287441741419835e-19,1.0000,26402.570566688963,8.820141842855498e-24
145.1,2.3287441741419835e-19,1.0000,26439.013032359722,8.807984516259152e-24
145.2,2.3287441741419835e-19,1.0000,26475.480630763697,8.795852308101459e-24
145.3,2.3287441741419835e-19,1.0000,26511.973361910637,8.78374514923003e-24
145.4,2.3287441741419835e-19,1.0000,26548.491225779086,8.771662970740609e-24
145.5,2.3287441741419835e-19,1.0000,26585.03422238855,8.759605703952169e-24
145.6,2.3287441741419835e-19,1.0000,26621.602351733178,8.747573280427925e-24
145.7,2.3287441741419835e-19,1.0000,26658.195613812968,8.735565631964013e-24
145.8,2.3287441741419835e-19,1.0000,26694.814008633773,8.72358269058855e-24
145.9,2.3287441741419835e-19,1.0000,26731.457536178037,8.711624388570241e-24
146.0,2.3287441741419835e-19,1.0000,26768.12619646137,8.699690658398918e-24
146.1,2.3287441741419835e-19,1.0000,26804.819989481814,8.687781432801191e-24
146.2,2.3287441741419835e-19,1.0000,26841.53891523352,8.675896644734998e-24
146.3,1.3066313158449293e-08,1.0000,26878.28297373404,4.861290124528394e-13
146.4,2.1980604855727716e-19,1.0000,26915.052164948273,8.166658834996897e-24
146.5,2.1980604855727716e-19,1.0000,26951.846488907417,8.155509814429331e-24
146.6,3.8513902432196317e-08,1.0000,26988.665945601726,1.4270398733240399e-12
146.7,0.0,0.0000,27025.5105350312,0.0
146.8,0.0,0.0000,27062.38025720364,0.0
146.9,0.0,0.0000,27099.275112093685,0.0
147.0,0.0,0.0000,27136.195099728648,0.0
147.1,0.0,0.0000,27173.140220096822,0.0
147.2,0.0,0.0000,27210.110473200162,0.0
147.3,0.0,0.0000,27247.105859048417,0.0
147.4,0.0,0.0000,27284.12637761428,0.0
147.5,0.0,0.0000,27321.17202892116,0.0
147.6,0.0,0.0000,27358.24281296515,0.0
147.7,0.0,0.0000,27395.338729744304,0.0
147.8,0.0,0.0000,27432.459779266424,0.0
147.9,0.0,0.0000,27469.605961506153,0.0
148.0,0.0,0.0000,27506.777276488847,0.0
148.1,0.0,0.0000,27543.973724208656,0.0
148.2,0.0,0.0000,27581.195304659726,0.0
148.3,0.0,0.0000,27618.442017857666,0.0
148.4,0.0,0.0000,27655.71386377321,0.0
148.5,0.0,0.0000,27693.01084242977,0.0
148.6,0.0,0.0000,27730.332953823443,0.0
148.7,0.0,0.0000,27767.68019795228,0.0
148.8,0.0,0.0000,27805.052574822133,0.0
148.9,0.0,0.0000,27842.450084411543,0.0
149.0,0.0,0.0000,27879.87272674587,0.0
149.1,0.0,0.0000,27917.32050181341,0.0
149.2,0.0,0.0000,27954.793409616115,0.0
149.3,0.0,0.0000,27992.29145015983,0.0
149.4,0.0,0.0000,28029.81462342701,0.0
149.5,0.0,0.0000,28067.362929433253,0.0
149.6,0.0,0.0000,28104.936368176608,0.0
149.7,0.0,0.0000,28142.53493965318,0.0
149.8,0.0,0.0000,28180.158643874664,0.0
149.9,0.0,0.0000,28217.807480811804,0.0
150.0,0.0,0.0000,28255.481450495816,0.0
150.1,0.0,0.0000,28293.180552913036,0.0
150.2,0.0,0.0000,28330.90478806347,0.0
150.3,0.0,0.0000,28368.654155960772,0.0
150.4,0.0,0.0000,28406.42865657373,0.0
150.5,0.0,0.0000,28444.228289931605,0.0
150.6,0.0,0.0000,28482.053056022694,0.0
150.7,0.0,0.0000,28519.902954850895,0.0
150.8,0.0,0.0000,28557.77798641816,0.0
150.9,0.0,0.0000,28595.67815070889,0.0
151.0,0.0,0.0000,28633.60344774063,0.0
151.1,0.0,0.0000,28671.553877507533,0.0
151.2,0.0,0.0000,28709.52944000765,0.0
151.3,0.0,0.0000,28747.530135252684,0.0
151.4,0.0,0.0000,28785.555963217277,0.0
151.5,0.0,0.0000,28823.606923922882,0.0
151.6,0.0,0.0000,28861.68301736365,0.0
151.7,0.0,0.0000,28899.784243541537,0.0
151.8,0.0,0.0000,28937.910602460437,0.0
151.9,0.0,0.0000,28976.062094098892,0.0
152.0,0.0,0.0000,29014.238718478366,0.0
152.1,0.0,0.0000,29052.44047559495,0.0
152.2,0.0,0.0000,29090.6673654467,0.0
152.3,0.0,0.0000,29128.919388041417,0.0
152.4,0.0,0.0000,29167.19654335374,0.0
152.5,0.0,0.0000,29205.49883140903,0.0
152.6,0.0,0.0000,29243.82625219948,0.0
152.7,0.0,0.0000,29282.17880572705,0.0
152.8,0.0,0.0000,29320.55649199563,0.0
152.9,0.0,0.0000,29358.95931098182,0.0
153.0,0.0,0.0000,29397.387262712924,0.0
153.1,0.0,0.0000,29435.840347179193,0.0
153.2,0.0,0.0000,29474.318564378675,0.0
153.3,0.0,0.0000,29512.82191432307,0.0
153.4,0.0,0.0000,29551.35039698508,0.0
153.5,0.0,0.0000,29589.90401239005,0.0
153.6,0.0,0.0000,29628.482760530183,0.0
153.7,0.0,0.0000,29667.08664140548,0.0
153.8,0.0,0.0000,29705.715655025695,0.0
153.9,0.0,0.0000,29744.369801361565,0.0
154.0,0.0,0.0000,29783.049080440403,0.0
154.1,0.0,0.0000,29821.753492256354,0.0
154.2,0.0,0.0000,29860.48303680552,0.0
154.3,0.0,0.0000,29899.237714099596,0.0
154.4,0.0,0.0000,29938.017524111285,0.0
154.5,0.0,0.0000,29976.82246686594,0.0
154.6,0.0,0.0000,30015.652542355754,0.0
154.7,0.0,0.0000,30054.507750580735,0.0
154.8,0.0,0.0000,30093.38809154673,0.0
154.9,0.0,0.0000,30132.293565234235,0.0
155.0,0.0,0.0000,30171.224171664704,0.0
155.1,0.0,0.0000,30210.17991082839,0.0
155.2,0.0,0.0000,30249.160782727235,0.0
155.3,0.0,0.0000,30288.166787370996,0.0
155.4,0.0,0.0000,30327.197924732365,0.0
155.5,0.0,0.0000,30366.25419483475,0.0
155.6,0.0,0.0000,30405.33559767425,0.0
155.7,0.0,0.0000,30444.44213324891,0.0
155.8,0.0,0.0000,30483.573801566537,0.0
155.9,0.0,0.0000,30522.730602601776,0.0
156.0,0.0,0.0000,30561.912536381926,0.0
156.1,0.0,0.0000,30601.11960289529,0.0
156.2,0.0,0.0000,30640.35180214382,0.0
156.3,0.0,0.0000,30679.609134135313,0.0
156.4,0.0,0.0000,30718.891598846367,0.0
156.5,0.0,0.0000,30758.199196300382,0.0
156.6,0.0,0.0000,30797.531926487616,0.0
156.7,0.0,0.0000,30836.889789413908,0.0
156.8,0.0,0.0000,30876.27278507927,0.0
156.9,0.0,0.0000,30915.680913464188,0.0
157.0,0.0,0.0000,30955.114174592072,0.0
157.1,0.0,0.0000,30994.572568455118,0.0
157.2,0.0,0.0000,31034.05609505528,0.0
157.3,0.0,0.0000,31073.564754396455,0.0
157.4,0.0,0.0000,31113.09854645524,0.0
157.5,0.0,0.0000,31152.65747125894,0.0
157.6,0.0,0.0000,31192.2415287978,0.0
157.7,0.0,0.0000,31231.850719069877,0.0
157.8,0.0,0.0000,31271.48504208687,0.0
157.9,0.0,0.0000,31311.14449781952,0.0
158.0,0.0,0.0000,31350.829086299036,0.0
158.1,0.0,0.0000,31390.538807511766,0.0
158.2,0.0,0.0000,31430.273661459658,0.0
158.3,0.0,0.0000,31470.033648150515,0.0
158.4,0.0,0.0000,31509.818767558983,0.0
158.5,0.0,0.0000,31549.629019712364,0.0
158.6,0.0,0.0000,31589.46440459896,0.0
158.7,0.0,0.0000,31629.32492222267,0.0
158.8,0.0,0.0000,31669.21057258934,0.0
158.9,0.0,0.0000,31709.121355671676,0.0
159.0,0.0,0.0000,31749.05727149892,0.0
159.1,0.0,0.0000,31789.018320061336,0.0
159.2,0.0,0.0000,31829.004501358908,0.0
159.3,0.0,0.0000,31869.01581539945,0.0
159.4,0.0,0.0000,31909.0522621576,0.0
159.5,0.0,0.0000,31949.113841660663,0.0
159.6,0.0,0.0000,31989.20055389694,0.0
159.7,0.0,0.0000,32029.31239886838,0.0
159.8,0.0,0.0000,32069.449376584736,0.0
159.9,0.0,0.0000,32109.6114870187,0.0
160.0,0.0,0.0000,32149.79873019368,0.0
160.1,0.0,0.0000,32190.011106105776,0.0
160.2,0.0,0.0000,32230.248614753033,0.0
160.3,0.0,0.0000,32270.511256143254,0.0
160.4,0.0,0.0000,32310.799030251084,0.0
160.5,0.0,0.0000,32351.11193710188,0.0
160.6,0.0,0.0000,32391.44997668784,0.0
160.7,0.0,0.0000,32431.813149010915,0.0
160.8,0.0,0.0000,32472.201454075002,0.0
160.9,0.0,0.0000,32512.614891858648,0.0
161.0,0.0,0.0000,32553.053462383312,0.0
161.1,0.0,0.0000,32593.517165645088,0.0
161.2,0.0,0.0000,32634.006001640075,0.0
161.3,0.0,0.0000,32674.51997038193,0.0
161.4,0.0,0.0000,32715.059071839445,0.0
161.5,0.0,0.0000,32755.62330603797,0.0
161.6,0.0,0.0000,32796.21267297556,0.0
161.7,0.0,0.0000,32836.827172644415,0.0
161.8,0.0,0.0000,32877.46680506014,0.0
161.9,0.0,0.0000,32918.131570195415,0.0
162.0,0.0,0.0000,32958.821468065864,0.0
162.1,0.0,0.0000,32999.53649867927,0.0
162.2,0.0,0.0000,33040.27666202394,0.0
162.3,0.0,0.0000,33081.04195811158,0.0
162.4,0.0,0.0000,33121.83238692267,0.0
162.5,0.0,0.0000,33162.64794846893,0.0
162.6,0.0,0.0000,33203.48864275426,0.0
162.7,0.0,0.0000,33244.35446977864,0.0
162.8,0.0,0.0000,33285.2454295382,0.0
162.9,0.0,0.0000,33326.16152202121,0.0
163.0,0.0,0.0000,33367.10274724718,0.0
163.1,0.0,0.0000,33408.06910520443,0.0
163.2,0.0,0.0000,33449.06059590463,0.0
163.3,0.0,0.0000,33490.07721934,0.0
163.4,0.0,0.0000,33531.11897549492,0.0
163.5,0.0,0.0000,33572.18586439672,0.0
163.6,0.0,0.0000,33613.27788602977,0.0
163.7,0.0,0.0000,33654.39504040189,0.0
163.8,0.0,0.0000,33695.53732751308,0.0
163.9,0.0,0.0000,33736.70474734772,0.0
164.0,0.0,0.0000,33777.89729991753,0.0
164.1,0.0,0.0000,33819.1149852303,0.0
164.2,0.0,0.0000,33860.35780327044,0.0
164.3,0.0,0.0000,33901.62575406524,0.0
164.4,0.0,0.0000,33942.91883756399,0.0
164.5,0.0,0.0000,33984.23705381742,0.0
164.6,0.0,0.0000,34025.58040280211,0.0
164.7,0.0,0.0000,34066.94888451806,0.0
164.8,0.0,0.0000,34108.34249898478,0.0
164.9,0.0,0.0000,34149.76124615935,0.0
165.0,0.0,0.0000,34191.20512608859,0.0
165.1,0.0,0.0000,34232.6741387452,0.0
165.2,0.0,0.0000,34274.16828414087,0.0
165.3,0.0,0.0000,34315.6875622756,0.0
165.4,0.0,0.0000,34357.23197313379,0.0
165.5,0.0,0.0000,34398.80151673105,0.0
165.6,0.0,0.0000,34440.39619306347,0.0
165.7,0.0,0.0000,34482.01600213495,0.0
165.8,0.0,0.0000,34523.6609439455,0.0
165.9,0.0,0.0000,34565.33101847561,0.0
166.0,0.0,0.0000,34607.02622574868,0.0
166.1,0.0,0.0000,34648.74656575692,0.0
166.2,0.0,0.0000,34690.49203850032,0.0
166.3,0.0,0.0000,34732.26264399059,0.0
166.4,0.0,0.0000,34774.058382188705,0.0
166.5,0.0,0.0000,34815.879253141495,0.0
166.6,0.0,0.0000,34857.72525682165,0.0
166.7,0.0,0.0000,34899.59639324086,0.0
166.8,0.0,0.0000,34941.49266240695,0.0
166.9,0.0,0.0000,34983.414064280885,0.0
167.0,0.0,0.0000,35025.360598905594,0.0
167.1,0.0,0.0000,35067.33226626156,0.0
167.2,0.0,0.0000,35109.32906635659,0.0
167.3,0.0,0.0000,35151.35099919459,0.0
167.4,0.0,0.0000,35193.398064744346,0.0
167.5,0.0,0.0000,35235.47026304487,0.0
167.6,0.0,0.0000,35277.56759407665,0.0
167.7,0.0,0.0000,35319.690057843596,0.0
167.8,0.0,0.0000,35361.83765435741,0.0
167.9,0.0,0.0000,35404.01038358298,0.0
168.0,0.0,0.0000,35446.20824555542,0.0
168.1,0.0,0.0000,35488.431240263024,0.0
168.2,0.0,0.0000,35530.67936770579,0.0
168.3,0.0,0.0000,35572.952627891515,0.0
168.4,0.0,0.0000,35615.2510207968,0.0
168.5,0.0,0.0000,35657.57454644116,0.0
168.6,0.0,0.0000,35699.923204824576,0.0
168.7,0.0,0.0000,35742.29699593925,0.0
168.8,0.0,0.0000,35784.6959198047,0.0
168.9,0.0,0.0000,35827.119976378,0.0
169.0,0.0,0.0000,35869.56916570207,0.0
169.1,0.0,0.0000,35912.04348775741,0.0
169.2,0.0,0.0000,35954.5429425518,0.0
169.3,0.0,0.0000,35997.06753008526,0.0
169.4,0.0,0.0000,36039.617250338284,0.0
169.5,0.0,0.0000,36082.192103334266,0.0
169.6,0.0,0.0000,36124.79208906542,0.0
169.7,0.0,0.0000,36167.41720753173,0.0
169.8,0.0,0.0000,36210.06745874491,0.0
169.9,0.0,0.0000,36252.742842669846,0.0
170.0,0.0,0.0000,36295.44335934165,0.0
170.1,0.0,0.0000,36338.16900874861,0.0
170.2,0.0,0.0000,36380.91979088684,0.0
170.3,0.0,0.0000,36423.69570577583,0.0
170.4,0.0,0.0000,36466.49675337658,0.0
170.5,0.0,0.0000,36509.3229337203,0.0
170.6,0.0,0.0000,36552.174246803086,0.0
170.7,0.0,0.0000,36595.05069261713,0.0
170.8,0.0,0.0000,36637.95227118194,0.0
170.9,0.0,0.0000,36680.878982454604,0.0
171.0,0.0,0.0000,36723.83082647414,0.0
171.1,0.0,0.0000,36766.80780323274,0.0
171.2,0.0,0.0000,36809.809912718694,0.0
171.3,0.0,0.0000,36852.83715495932,0.0
171.4,0.0,0.0000,36895.88952990781,0.0
171.5,0.0,0.0000,36938.96703760316,0.0
171.6,0.0,0.0000,36982.06967803367,0.0
171.7,0.0,0.0000,37025.19745119935,0.0
171.8,0.0,0.0000,37068.35035710799,0.0
171.9,0.0,0.0000,37111.52839573619,0.0
172.0,0.0,0.0000,37154.73156710345,0.0
172.1,0.0,0.0000,37197.95987120979,0.0
172.2,0.0,0.0000,37241.21330804738,0.0
172.3,0.0,0.0000,37284.49187763574,0.0
172.4,0.0,0.0000,37327.79557993585,0.0
172.5,0.0,0.0000,37371.124414978935,0.0
172.6,0.0,0.0000,37414.47838276108,0.0
172.7,0.0,0.0000,37457.857483270585,0.0
172.8,0.0,0.0000,37501.26171653476,0.0
172.9,0.0,0.0000,37544.6910825068,0.0
173.0,0.0,0.0000,37588.14558122959,0.0
173.1,0.0,0.0000,37631.625212683655,0.0
173.2,0.0,0.0000,37675.12997686898,0.0
173.3,0.0,0.0000,37718.65987380897,0.0
173.4,0.0,0.0000,37762.214903452914,0.0
173.5,0.0,0.0000,37805.79506585153,0.0
173.6,0.0,0.0000,37849.40036097751,0.0
173.7,0.0,0.0000,37893.03078884645,0.0
173.8,0.0,0.0000,37936.68634945056,0.0
173.9,0.0,0.0000,37980.367042778125,0.0
174.0,0.0,0.0000,38024.07286884475,0.0
174.1,0.0,0.0000,38067.803827650445,0.0
174.2,0.0,0.0000,38111.5599191874,0.0
174.3,0.0,0.0000,38155.341143475125,0.0
174.4,0.0,0.0000,38199.1475004707,0.0
174.5,0.0,0.0000,38242.97899021315,0.0
174.6,0.0,0.0000,38286.83561269466,0.0
174.7,0.0,0.0000,38330.71736790743,0.0
174.8,0.0,0.0000,38374.62425586317,0.0
174.9,0.0,0.0000,38418.55627654237,0.0
175.0,0.0,0.0000,38462.51342995673,0.0
175.1,0.0,0.0000,38506.495716110156,0.0
175.2,0.0,0.0000,38550.50313499875,0.0
175.3,0.0,0.0000,38594.535686634204,0.0
175.4,0.0,0.0000,38638.59337098141,0.0
175.5,0.0,0.0000,38682.67618807549,0.0
175.6,0.0,0.0000,38726.78413790083,0.0
175.7,0.0,0.0000,38770.91722046914,0.0
175.8,0.0,0.0000,38815.07543577261,0.0
175.9,0.0,0.0000,38859.25878379564,0.0
176.0,0.0,0.0000,38903.46726456554,0.0
176.1,0.0,0.0000,38947.700878066695,0.0
176.2,0.0,0.0000,38991.95962430691,0.0
176.3,0.0,0.0000,39036.2435032862,0.0
176.4,0.0,0.0000,39080.55251498894,0.0
176.5,0.0,0.0000,39124.886659426855,0.0
176.6,0.0,0.0000,39169.24593660773,0.0
176.7,0.0,0.0000,39213.630346515965,0.0
176.8,0.0,0.0000,39258.03988917887,0.0
176.9,0.0,0.0000,39302.47456454963,0.0
177.0,0.0,0.0000,39346.93437266336,0.0
177.1,0.0,0.0000,39391.41931351615,0.0
177.2,0.0,0.0000,39435.929387108,0.0
177.3,0.0,0.0000,39480.46459343892,0.0
177.4,0.0,0.0000,39525.024932481596,0.0
177.5,0.0,0.0000,39569.61040427894,0.0
177.6,0.0,0.0000,39614.221008803645,0.0
177.7,0.0,0.0000,39658.85674606742,0.0
177.8,0.0,0.0000,39703.517616074154,0.0
177.9,0.0,0.0000,39748.20361879264,0.0
178.0,0.0,0.0000,39792.9147542619,0.0
178.1,0.0,0.0000,39837.65102246242,0.0
178.2,0.0,0.0000,39882.41242340201,0.0
178.3,0.0,0.0000,39927.19895708066,0.0
178.4,0.0,0.0000,39972.01062347887,0.0
178.5,0.0,0.0000,40016.84742262004,0.0
178.6,0.0,0.0000,40061.70935449639,0.0
178.7,0.0,0.0000,40106.59641910788,0.0
178.8,0.0,0.0000,40151.50861646625,0.0
178.9,0.0,0.0000,40196.445946536376,0.0
179.0,0.0,0.0000,40241.40840934947,0.0
179.1,0.0,0.0000,40286.396004901624,0.0
179.2,0.0,0.0000,40331.40873318894,0.0
179.3,0.0,0.0000,40376.446594223125,0.0
179.4,0.0,0.0000,40421.50958796516,0.0
179.5,0.0,0.0000,40466.597714457974,0.0
179.6,0.0,0.0000,40511.71097368204,0.0
179.7,0.0,0.0000,40556.849365645176,0.0
179.8,0.0,0.0000,40602.012890351274,0.0
179.9,0.0,0.0000,40647.20154776913,0.0
180.0,0.0,0.0000,40692.41533793775,0.0
180.1,0.0,0.0000,40737.65426083764,0.0
180.2,0.0,0.0000,40782.91831647269,0.0
180.3,0.0,0.0000,40828.20750485461,0.0
180.4,0.0,0.0000,40873.52182594828,0.0
180.5,0.0,0.0000,40918.86127978882,0.0
180.6,0.0,0.0000,40964.225866364526,0.0
180.7,0.0,0.0000,41009.61558567539,0.0
180.8,0.0,0.0000,41055.03043773312,0.0
180.9,0.0,0.0000,41100.47042249871,0.0
181.0,0.0,0.0000,41145.93554001507,0.0
181.1,0.0,0.0000,41191.425790266585,0.0
181.2,0.0,0.0000,41236.94117324937,0.0
181.3,0.0,0.0000,41282.481688982916,0.0
181.4,0.0,0.0000,41328.047337424316,0.0
181.5,0.0,0.0000,41373.63811861649,0.0
181.6,0.0,0.0000,41419.254032539924,0.0
181.7,0.0,0.0000,41464.895079202426,0.0
181.8,0.0,0.0000,41510.561258603986,0.0
181.9,0.0,0.0000,41556.25257072511,0.0
182.0,0.0,0.0000,41601.969015589195,0.0
182.1,0.0,0.0000,41647.71059318844,0.0
182.2,0.0,0.0000,41693.47730352286,0.0
182.3,0.0,0.0000,41739.26914660414,0.0
182.4,0.0,0.0000,41785.08612239718,0.0
182.5,0.0,0.0000,41830.92823093708,0.0
182.6,0.0,0.0000,41876.79547221215,0.0
182.7,0.0,0.0000,41922.687846218476,0.0
182.8,0.0,0.0000,41968.60535297557,0.0
182.9,0.0,0.0000,42014.54799244443,0.0
183.0,0.0,0.0000,42060.51576465625,0.0
183.1,0.0,0.0000,42106.50866960713,0.0
183.2,0.0,0.0000,42152.526707289275,0.0
183.3,0.0,0.0000,42198.56987772219,0.0
183.4,0.0,0.0000,42244.63818086296,0.0
183.5,0.0,0.0000,42290.73161675059,0.0
183.6,0.0,0.0000,42336.85018537729,0.0
183.7,0.0,0.0000,42382.993886731354,0.0
183.8,0.0,0.0000,42429.16272084008,0.0
183.9,0.0,0.0000,42475.35668765667,0.0
184.0,0.0,0.0000,42521.57578722012,0.0
184.1,0.0,0.0000,42567.82001951874,0.0
184.2,0.0,0.0000,42614.08938455251,0.0
184.3,0.0,0.0000,42660.38388232926,0.0
184.4,0.0,0.0000,42706.70351282556,0.0
184.5,0.0,0.0000,42753.04827606093,0.0
184.6,0.0,0.0000,42799.41817203536,0.0
184.7,0.0,0.0000,42845.81320074105,0.0
184.8,0.0,0.0000,42892.23336219751,0.0
184.9,0.0,0.0000,42938.67865636573,0.0
185.0,0.0,0.0000,42985.14908327692,0.0
185.1,0.0,0.0000,43031.64464292717,0.0
185.2,0.0,0.0000,43078.16533530477,0.0
185.3,0.0,0.0000,43124.71116043705,0.0
185.4,0.0,0.0000,43171.28211828109,0.0
185.5,0.0,0.0000,43217.87820886418,0.0
185.6,0.0,0.0000,43264.49943218635,0.0
185.7,0.0,0.0000,43311.14578824757,0.0
185.8,0.0,0.0000,43357.81727705177,0.0
185.9,0.0,0.0000,43404.51389856772,0.0
186.0,0.0,0.0000,43451.23565282663,0.0
186.1,0.0,0.0000,43497.98253982461,0.0
186.2,0.0,0.0000,43544.754559557754,0.0
186.3,0.0,0.0000,43591.55171203776,0.0
186.4,0.0,0.0000,43638.37399722953,0.0
186.5,0.0,0.0000,43685.22141516426,0.0
186.6,0.0,0.0000,43732.09396583806,0.0
186.7,0.0,0.0000,43778.991649243115,0.0
186.8,0.0,0.0000,43825.91446539894,0.0
186.9,0.0,0.0000,43872.86241426262,0.0
187.0,0.0,0.0000,43919.83549587317,0.0
187.1,0.0,0.0000,43966.83371022278,0.0
187.2,0.0,0.0000,44013.857057303656,0.0
187.3,0.0,0.0000,44060.905537131395,0.0
187.4,0.0,0.0000,44107.97914967089,0.0
187.5,0.0,0.0000,44155.07789495726,0.0
187.6,0.0,0.0000,44202.20177297879,0.0
187.7,0.0,0.0000,44249.35078373548,0.0
187.8,0.0,0.0000,44296.524927242936,0.0
187.9,0.0,0.0000,44343.72420345045,0.0
188.0,0.0,0.0000,44390.948612416534,0.0
188.1,0.0,0.0000,44438.198154109974,0.0
188.2,0.0,0.0000,44485.47282854248,0.0
188.3,0.0,0.0000,44532.772635721856,0.0
188.4,0.0,0.0000,44580.097575609085,0.0
188.5,0.0,0.0000,44627.44764824708,0.0
188.6,0.0,0.0000,44674.82285361634,0.0
188.7,0.0,0.0000,44722.22319172466,0.0
188.8,0.0,0.0000,44769.64866257595,0.0
188.9,0.0,0.0000,44817.099266139,0.0
189.0,0.0,0.0000,44864.57500244891,0.0
189.1,0.0,0.0000,44912.07587149399,0.0
189.2,0.0,0.0000,44959.60187327812,0.0
189.3,0.0,0.0000,45007.15300780523,0.0
189.4,0.0,0.0000,45054.7292750441,0.0
189.5,0.0,0.0000,45102.33067502592,0.0
189.6,0.0,0.0000,45149.95720774681,0.0
189.7,0.0,0.0000,45197.60887320677,0.0
189.8,0.0,0.0000,45245.28567140579,0.0
189.9,0.0,0.0000,45292.98760232047,0.0
190.0,0.0,0.0000,45340.714665978114,0.0
190.1,0.0,0.0000,45388.46686237482,0.0
190.2,0.0,0.0000,45436.244191506696,0.0
190.3,0.0,0.0000,45484.04665338153,0.0
190.4,0.0,0.0000,45531.874247968124,0.0
190.5,0.0,0.0000,45579.726975305486,0.0
190.6,0.0,0.0000,45627.604835374106,0.0
190.7,0.0,0.0000,45675.5078281779,0.0
190.8,0.0,0.0000,45723.43595373245,0.0
190.9,0.0,0.0000,45771.38921199486,0.0
191.0,0.0,0.0000,45819.36760300414,0.0
191.1,0.0,0.0000,45867.37112674858,0.0
191.2,0.0,0.0000,45915.39978322818,0.0
191.3,0.0,0.0000,45963.45357245465,0.0
191.4,0.0,0.0000,46011.53249439288,0.0
191.5,0.0,0.0000,46059.63654907407,0.0
191.6,0.0,0.0000,46107.76573649432,0.0
191.7,0.0,0.0000,46155.920056649746,0.0
191.8,0.0,0.0000,46204.099509552034,0.0
191.9,0.0,0.0000,46252.30409516217,0.0
192.0,0.0,0.0000,46300.533813523085,0.0
192.1,0.0,0.0000,46348.788664615255,0.0
192.2,0.0,0.0000,46397.06864844649,0.0
192.3,0.0,0.0000,46445.37376502069,0.0
192.4,0.0,0.0000,46493.70401430665,0.0
192.5,0.0,0.0000,46542.05939634338,0.0
192.6,0.0,0.0000,46590.43991111137,0.0
192.7,0.0,0.0000,46638.845558614514,0.0
192.8,0.0,0.0000,46687.27633886453,0.0
192.9,0.0,0.0000,46735.73225182631,0.0
193.0,0.0,0.0000,46784.21329753495,0.0
193.1,0.0,0.0000,46832.71947597875,0.0
193.2,0.0,0.0000,46881.250787157725,0.0
193.3,0.0,0.0000,46929.807231083556,0.0
193.4,0.0,0.0000,46978.388807717245,0.0
193.5,0.0,0.0000,47026.995517101706,0.0
193.6,0.0,0.0000,47075.627359221326,0.0
193.7,0.0,0.0000,47124.28433407221,0.0
193.8,0.0,0.0000,47172.96644167386,0.0
193.9,0.0,0.0000,47221.67368198337,0.0
194.0,0.0,0.0000,47270.40605504364,0.0
194.1,0.0,0.0000,47319.16356083517,0.0
194.2,0.0,0.0000,47367.946199361875,0.0
194.3,0.0,0.0000,47416.75397063934,0.0
194.4,0.0,0.0000,47465.58687462466,0.0
194.5,0.0,0.0000,47514.444911356855,0.0
194.6,0.0,0.0000,47563.328080824205,0.0
194.7,0.0,0.0000,47612.23638302672,0.0
194.8,0.0,0.0000,47661.1698179761,0.0
194.9,0.0,0.0000,47710.12838563724,0.0
195.0,0.0,0.0000,47759.11208604525,0.0
195.1,0.0,0.0000,47808.12091918452,0.0
195.2,0.0,0.0000,47857.154885066746,0.0
195.3,0.0,0.0000,47906.213983688045,0.0
195.4,0.0,0.0000,47955.298215025,0.0
195.5,0.0,0.0000,48004.407579104925,0.0
195.6,0.0,0.0000,48053.542075923906,0.0
195.7,0.0,0.0000,48102.70170547416,0.0
195.8,0.0,0.0000,48151.88646777517,0.0
195.9,0.0,0.0000,48201.09636278404,0.0
196.0,0.0,0.0000,48250.33139053978,0.0
196.1,0.0,0.0000,48299.59155103068,0.0
196.2,0.0,0.0000,48348.876844260645,0.0
196.3,0.0,0.0000,48398.187270233575,0.0
196.4,0.0,0.0000,48447.52282891826,0.0
196.5,0.0,0.0000,48496.88352034982,0.0
196.6,0.0,0.0000,48546.269344516535,0.0
196.7,0.0,0.0000,48595.68030141841,0.0
196.8,0.0,0.0000,48645.11639106716,0.0
196.9,0.0,0.0000,48694.57761342376,0.0
197.0,0.0,0.0000,48744.06396853113,0.0
197.1,0.0,0.0000,48793.57545637366,0.0
197.2,0.0,0.0000,48843.11207694746,0.0
197.3,0.0,0.0000,48892.673830275926,0.0
197.4,0.0,0.0000,48942.260716304445,0.0
197.5,0.0,0.0000,48991.87273508763,0.0
197.6,0.0,0.0000,49041.50988660208,0.0
197.7,0.0,0.0000,49091.17217085559,0.0
197.8,0.0,0.0000,49140.85958785207,0.0
197.9,0.0,0.0000,49190.5721375642,0.0
198.0,0.0,0.0000,49240.309820015405,0.0
198.1,0.0,0.0000,49290.07263520567,0.0
198.2,0.0,0.0000,49339.860583135,0.0
198.3,0.0,0.0000,49389.6736638073,0.0
198.4,0.0,0.0000,49439.51187719135,0.0
198.5,0.0,0.0000,49489.37522331836,0.0
198.6,0.0,0.0000,49539.26370218444,0.0
198.7,0.0,0.0000,49589.17731378569,0.0
198.8,0.0,0.0000,49639.116058137704,0.0
198.9,0.0,0.0000,49689.079935189766,0.0
199.0,0.0,0.0000,49739.0689449965,0.0
199.1,0.0,0.0000,49789.0830875384,0.0
199.2,0.0,0.0000,49839.12236281156,0.0
199.3,0.0,0.0000,49889.186770835484,0.0
199.4,0.0,0.0000,49939.27631156727,0.0
199.5,0.0,0.0000,49989.39098504592,0.0
199.6,0.0,0.0000,50039.530791263634,0.0
199.7,0.0,0.0000,50089.69573020871,0.0
199.8,0.0,0.0000,50139.88580191235,0.0
